VIEWPORT	0	P10=128.5,97.5,0	TXT=	V40=205.6
VIEWPORT	0	P10=128.5,97.5,0	TXT=	V40=521.087
VIEWPORT	0	P10=128.5,97.5,0	TXT=	V40=205.6
VIEWPORT	0	P10=128.5,97.5,0	TXT=	V40=521.087
TEXT	0	P10=2229379.959,460330.395,0	P11=2229379.959,460330.895,0	TXT=Y= 2229388.710	V40=0.5
TEXT	0	P10=2229379.959,460331.362,0	P11=2229379.959,460331.195,0	TXT=X= 460322.890	V40=0.5
LWPOLYLINE	0	P10=2229388.71,460322.89,0	P10=2229386.459,460331.12,0	P10=2229379.884,460331.12,0	V40=0	V70=0
TEXT	0	P10=2229337.714,460339.774,0	P11=2229337.714,460340.274,0	TXT=Y= 2229345.470	V40=0.5
TEXT	0	P10=2229337.714,460340.741,0	P11=2229337.714,460340.574,0	TXT=X= 460331.040	V40=0.5
LWPOLYLINE	0	P10=2229345.47,460331.04,0	P10=2229344.214,460340.499,0	P10=2229337.639,460340.499,0	V40=0	V70=0
TEXT	0	P10=2229330.376,460300.257,0	P11=2229330.376,460300.757,0	TXT=Y= 2229339.540	V40=0.5
TEXT	0	P10=2229330.376,460301.223,0	P11=2229330.376,460301.057,0	TXT=X= 460306.690	V40=0.5
LWPOLYLINE	0	P10=2229339.54,460306.69,0	P10=2229336.876,460300.982,0	P10=2229330.301,460300.982,0	V40=0	V70=0
LWPOLYLINE	0	P10=2229370.801,460318.369,0	P10=2229370.79,460318.31,0	P10=2229370.152,460318.43,0	P10=2229369.572,460315.354,0	P10=2229370.211,460315.234,0	P10=2229370.2,460315.175,0	V40=0	V70=0
LWPOLYLINE	0	P10=2229365.652,460307.728,0	P10=2229359.48,460308.889,0	P10=2229360.203,460312.724,0	P10=2229359.515,460312.854,0	P10=2229360.543,460318.318,0	V40=0	V70=0
LWPOLYLINE	0	P10=2229326.807,460334.558,0	P10=2229345.47,460331.04,0	P10=2229388.71,460322.89,0	P10=2229393.499,460321.974,0	V40=0	V70=0
LWPOLYLINE	0	P10=2229388.274,460297.572,0	P10=2229382.78,460298.6,0	P10=2229323.751,460309.638,0	V40=0	V70=0
MTEXT	0	P10=2229361.125,460336.956,84.347	P11=1,0,0	TXT=\pxqc;План участка с инженерными сетями\PСНТ Мадио Озерки, уч. 109	V40=0.7
MTEXT	33_Газопровод	P10=2229360.415,460308.915,84.347	P11=0.174,0.985,0	TXT=\pxt9;ввод газа 2	V40=0.4
LWPOLYLINE	0	P10=2229360.447,460308.615,0	P10=2229360.464,460308.704,0	V40=0	V70=0
LWPOLYLINE	0	P10=2229365.326,460307.693,0	P10=2229365.344,460307.786,0	V40=0	V70=0
MTEXT	33_Газопровод	P10=2229365.475,460308.021,84.347	P11=0.174,0.985,0	TXT=ввод газа 1	V40=0.4
MTEXT	33_Газопровод	P10=2229384.503,460304.591,84.347	P11=0.962,-0.273,0	TXT=L=29.6м( глубина заложения 0,9м)	V40=0.4
LWPOLYLINE	C-TOPO-MINR	P10=2229371.527,460322.219,0	P10=2229371.517,460322.304,0	P10=2229371.424,460323.004,0	P10=2229371.349,460323.501,0	P10=2229371.259,460323.967,0	P10=2229371.153,460324.454,0	P10=2229371.058,460324.856,0	P10=2229371.002,460325.069,0	P10=2229370.937,460325.222,0	P10=2229370.864,460325.372,0	P10=2229370.763,460325.592,0	P10=2229370.561,460326.031,0	P10=2229370.42,460326.337,0	V40=0	V70=0
LWPOLYLINE	C-TOPO-MAJR	P10=2229365.907,460322.66,0	P10=2229365.876,460322.861,0	P10=2229365.73,460323.537,0	P10=2229365.563,460324.208,0	P10=2229365.422,460324.745,0	P10=2229365.352,460325.018,0	P10=2229365.31,460325.174,0	P10=2229365.272,460325.325,0	P10=2229365.265,460325.478,0	P10=2229365.358,460325.726,0	P10=2229365.546,460326.13,0	P10=2229365.732,460326.533,0	P10=2229365.818,460326.78,0	P10=2229365.795,460326.939,0	P10=2229365.734,460327.094,0	P10=2229365.659,460327.221,0	P10=2229365.641,460327.238,0	V40=0	V70=0
LWPOLYLINE	C-TOPO-MINR	P10=2229358.773,460317.095,0	P10=2229358.695,460317.3,0	P10=2229358.604,460317.663,0	P10=2229358.529,460318.087,0	P10=2229358.478,460318.533,0	P10=2229358.459,460318.964,0	P10=2229358.496,460319.429,0	P10=2229358.587,460319.97,0	P10=2229358.706,460320.541,0	P10=2229358.821,460321.096,0	P10=2229358.904,460321.59,0	P10=2229358.96,460322.058,0	P10=2229359.01,460322.542,0	P10=2229359.051,460323.003,0	P10=2229359.078,460323.402,0	P10=2229359.087,460323.701,0	P10=2229359.08,460323.986,0	P10=2229359.061,460324.258,0	P10=2229359.026,460324.529,0	P10=2229358.972,460324.807,0	P10=2229358.859,460325.175,0	P10=2229358.661,460325.733,0	P10=2229358.431,460326.35,0	P10=2229358.224,460326.895,0	P10=2229358.094,460327.236,0	P10=2229357.946,460327.595,0	P10=2229357.8,460327.939,0	P10=2229357.725,460328.148,0	P10=2229357.744,460328.308,0	P10=2229357.75,460328.461,0	P10=2229357.678,460328.563,0	P10=2229357.557,460328.68,0	P10=2229357.459,460328.78,0	V40=0	V70=0
LWPOLYLINE	C-TOPO-MINR	P10=2229356.318,460311.629,0	P10=2229356.223,460311.762,0	P10=2229356.039,460312.009,0	P10=2229355.872,460312.273,0	P10=2229355.724,460312.588,0	P10=2229355.503,460313.098,0	P10=2229355.249,460313.7,0	P10=2229355.003,460314.29,0	P10=2229354.804,460314.764,0	P10=2229354.694,460315.019,0	P10=2229354.566,460315.262,0	P10=2229354.436,460315.493,0	P10=2229354.363,460315.628,0	P10=2229354.327,460315.755,0	P10=2229354.294,460315.867,0	P10=2229354.227,460315.948,0	P10=2229354.159,460316.028,0	P10=2229354.09,460316.196,0	P10=2229353.931,460316.587,0	P10=2229353.713,460317.099,0	P10=2229353.464,460317.633,0	P10=2229353.214,460318.089,0	P10=2229352.948,460318.442,0	P10=2229352.65,460318.754,0	P10=2229352.348,460319.054,0	P10=2229352.071,460319.372,0	P10=2229351.847,460319.739,0	P10=2229351.675,460320.266,0	P10=2229351.533,460320.95,0	P10=2229351.426,460321.647,0	P10=2229351.36,460322.215,0	P10=2229351.337,460322.508,0	P10=2229351.361,460322.679,0	P10=2229351.407,460322.843,0	P10=2229351.433,460323.015,0	P10=2229351.423,460323.25,0	P10=2229351.382,460323.548,0	P10=2229351.296,460323.841,0	P10=2229351.146,460324.075,0	P10=2229350.871,460324.429,0	P10=2229350.531,460324.854,0	P10=2229350.185,460325.302,0	P10=2229349.892,460325.726,0	P10=2229349.668,460326.135,0	P10=2229349.475,460326.558,0	P10=2229349.294,460326.971,0	P10=2229349.105,460327.352,0	P10=2229348.889,460327.677,0	P10=2229348.55,460328.017,0	P10=2229348.164,460328.315,0	P10=2229347.792,460328.576,0	P10=2229347.492,460328.806,0	P10=2229347.257,460329.039,0	P10=2229347.036,460329.281,0	P10=2229346.825,460329.502,0	P10=2229346.624,460329.668,0	P10=2229346.293,460329.831,0	P10=2229345.951,460329.952,0	P10=2229345.781,460330,0	P10=2229345.709,460329.976,0	P10=2229345.637,460329.954,0	P10=2229345.386,460330.112,0	P10=2229344.802,460330.491,0	P10=2229344.102,460330.948,0	P10=2229343.503,460331.343,0	P10=2229343.364,460331.437,0	V40=0	V70=0
MTEXT	C-TOPO-MAJR	P10=2229383.357,460314.626,84	P11=0.503,0.864,0	TXT=84.00	V40=0.5
MTEXT	C-TOPO-MAJR	P10=2229340.277,460320.693,80	P11=0.461,-0.887,0	TXT=80.00	V40=0.5
MTEXT	C-TOPO-MAJR	P10=2229330.649,460311.007,78	P11=0.637,-0.771,0	TXT=78.00	V40=0.5
LWPOLYLINE	C-TOPO-MINR	P10=2229387.621,460318.43,0	P10=2229387.363,460318.87,0	P10=2229387.029,460319.432,0	P10=2229386.767,460319.859,0	P10=2229386.478,460320.303,0	P10=2229386.166,460320.767,0	P10=2229385.908,460321.144,0	P10=2229385.779,460321.329,0	P10=2229385.682,460321.437,0	P10=2229385.595,460321.549,0	P10=2229385.527,460321.788,0	P10=2229385.398,460322.295,0	P10=2229385.246,460322.891,0	P10=2229385.114,460323.399,0	P10=2229385.059,460323.578,0	V40=0	V70=0
LWPOLYLINE	C-TOPO-MAJR	P10=2229379.207,460299.268,0	P10=2229379.192,460299.414,0	P10=2229379.134,460299.657,0	P10=2229378.971,460299.764,0	P10=2229378.802,460299.87,0	P10=2229378.734,460300.026,0	P10=2229378.683,460300.237,0	P10=2229378.649,460300.43,0	P10=2229378.637,460300.586,0	P10=2229378.637,460300.737,0	P10=2229378.624,460300.893,0	P10=2229378.539,460301.19,0	P10=2229378.378,460301.697,0	P10=2229378.221,460302.201,0	P10=2229378.146,460302.489,0	P10=2229378.15,460302.702,0	P10=2229378.206,460302.903,0	P10=2229378.365,460303.118,0	P10=2229378.668,460303.475,0	P10=2229378.994,460303.833,0	P10=2229379.219,460304.05,0	P10=2229379.433,460304.147,0	P10=2229379.657,460304.215,0	P10=2229379.799,460304.32,0	P10=2229379.805,460304.505,0	P10=2229379.736,460304.721,0	P10=2229379.678,460304.888,0	P10=2229379.642,460305.052,0	P10=2229379.615,460305.217,0	P10=2229379.607,460305.425,0	P10=2229379.603,460305.773,0	P10=2229379.607,460306.117,0	P10=2229379.624,460306.314,0	P10=2229379.709,460306.446,0	P10=2229379.819,460306.57,0	P10=2229379.898,460306.705,0	P10=2229380.007,460306.879,0	P10=2229380.147,460307.019,0	P10=2229380.432,460307.1,0	P10=2229380.909,460307.183,0	P10=2229381.362,460307.248,0	P10=2229381.575,460307.276,0	P10=2229381.657,460307.276,0	P10=2229381.739,460307.271,0	P10=2229381.833,460307.239,0	P10=2229381.939,460307.213,0	P10=2229382.058,460307.256,0	P10=2229382.168,460307.318,0	P10=2229382.226,460307.402,0	P10=2229382.272,460307.495,0	P10=2229382.297,460307.66,0	P10=2229382.343,460307.976,0	P10=2229382.412,460308.298,0	P10=2229382.533,460308.624,0	P10=2229382.726,460309.082,0	P10=2229382.914,460309.509,0	P10=2229383.023,460309.74,0	P10=2229383.127,460309.88,0	P10=2229383.228,460310.021,0	P10=2229383.339,460310.223,0	P10=2229383.522,460310.594,0	P10=2229383.674,460311.025,0	P10=2229383.695,460311.406,0	P10=2229383.483,460311.743,0	P10=2229383.113,460312.076,0	P10=2229382.752,460312.345,0	P10=2229382.566,460312.49,0	P10=2229382.486,460312.663,0	P10=2229382.45,460312.784,0	P10=2229382.475,460312.841,0	P10=2229382.506,460312.897,0	P10=2229382.551,460313.002,0	P10=2229382.644,460313.215,0	P10=2229382.745,460313.433,0	P10=2229382.888,460313.68,0	P10=2229383.155,460314.125,0	P10=2229383.468,460314.662,0	P10=2229383.748,460315.186,0	P10=2229383.917,460315.589,0	P10=2229384.004,460316.008,0	P10=2229384.045,460316.451,0	P10=2229384.045,460316.846,0	P10=2229384.007,460317.124,0	P10=2229383.867,460317.384,0	P10=2229383.672,460317.618,0	P10=2229383.543,460317.787,0	P10=2229383.481,460317.972,0	P10=2229383.446,460318.166,0	P10=2229383.443,460318.379,0	P10=2229383.443,460318.68,0	P10=2229383.395,460318.978,0	P10=2229383.262,460319.213,0	P10=2229383.014,460319.564,0	P10=2229382.716,460319.971,0	P10=2229382.433,460320.375,0	P10=2229382.231,460320.719,0	P10=2229382.076,460321.097,0	P10=2229381.956,460321.481,0	P10=2229381.859,460321.853,0	P10=2229381.773,460322.196,0	P10=2229381.708,460322.512,0	P10=2229381.664,460322.818,0	P10=2229381.608,460323.119,0	P10=2229381.51,460323.419,0	P10=2229381.315,460323.76,0	P10=2229381.038,460324.145,0	P10=2229380.87,460324.368,0	V40=0	V70=0
LWPOLYLINE	C-TOPO-MINR	P10=2229372.786,460300.492,0	P10=2229372.802,460300.509,0	P10=2229372.849,460300.554,0	P10=2229372.936,460300.64,0	P10=2229373.031,460300.776,0	P10=2229373.072,460301.081,0	P10=2229373.098,460301.526,0	P10=2229373.107,460301.755,0	P10=2229373.105,460301.811,0	P10=2229373.116,460301.892,0	P10=2229373.13,460301.999,0	P10=2229373.155,460302.191,0	P10=2229373.21,460302.627,0	P10=2229373.275,460303.171,0	P10=2229373.332,460303.681,0	P10=2229373.36,460304.02,0	P10=2229373.334,460304.356,0	P10=2229373.291,460304.678,0	P10=2229373.318,460304.993,0	P10=2229373.476,460305.306,0	P10=2229373.747,460305.703,0	P10=2229374.044,460306.078,0	P10=2229374.275,460306.324,0	P10=2229374.523,460306.503,0	P10=2229374.791,460306.641,0	P10=2229375.037,460306.72,0	P10=2229375.268,460306.703,0	P10=2229375.499,460306.644,0	P10=2229375.691,460306.663,0	P10=2229375.811,460306.824,0	P10=2229375.883,460307.064,0	P10=2229375.95,460307.317,0	P10=2229376.025,460307.6,0	P10=2229376.121,460308.005,0	P10=2229376.221,460308.403,0	P10=2229376.307,460308.662,0	P10=2229376.43,460308.833,0	P10=2229376.574,460308.984,0	P10=2229376.7,460309.154,0	P10=2229376.788,460309.378,0	P10=2229376.892,460309.716,0	P10=2229377.004,460310.107,0	P10=2229377.114,460310.49,0	P10=2229377.223,460310.893,0	P10=2229377.338,460311.347,0	P10=2229377.461,460311.794,0	P10=2229377.592,460312.173,0	P10=2229377.757,460312.491,0	P10=2229377.952,460312.793,0	P10=2229378.131,460313.074,0	P10=2229378.25,460313.328,0	P10=2229378.306,460313.673,0	P10=2229378.313,460314.017,0	P10=2229378.328,460314.289,0	P10=2229378.388,460314.52,0	P10=2229378.459,460314.741,0	P10=2229378.488,460314.871,0	P10=2229378.417,460314.976,0	P10=2229378.354,460315.076,0	P10=2229378.412,460315.167,0	P10=2229378.536,460315.309,0	P10=2229378.657,460315.463,0	P10=2229378.794,460315.677,0	P10=2229378.957,460315.959,0	P10=2229379.057,460316.203,0	P10=2229379.074,460316.393,0	P10=2229379.052,460316.583,0	P10=2229379.003,460316.773,0	P10=2229378.867,460317.045,0	P10=2229378.591,460317.533,0	P10=2229378.271,460318.092,0	P10=2229377.999,460318.572,0	P10=2229377.871,460318.827,0	P10=2229377.849,460319.003,0	P10=2229377.853,460319.178,0	P10=2229377.862,460319.295,0	P10=2229377.879,460319.42,0	P10=2229377.909,460319.542,0	P10=2229378.028,460319.705,0	P10=2229378.275,460320.04,0	P10=2229378.538,460320.459,0	P10=2229378.704,460320.873,0	P10=2229378.723,460321.31,0	P10=2229378.657,460321.799,0	P10=2229378.56,460322.256,0	P10=2229378.49,460322.593,0	P10=2229378.436,460322.941,0	P10=2229378.377,460323.275,0	P10=2229378.318,460323.523,0	P10=2229378.25,460323.692,0	P10=2229378.169,460323.849,0	P10=2229378.086,460324.013,0	P10=2229377.968,460324.272,0	P10=2229377.735,460324.786,0	P10=2229377.65,460324.975,0	V40=0	V70=0
LWPOLYLINE	C-TOPO-MINR	P10=2229369.322,460301.151,0	P10=2229369.327,460301.165,0	P10=2229369.346,460301.208,0	P10=2229369.379,460301.296,0	P10=2229369.394,460301.395,0	P10=2229369.259,460301.504,0	P10=2229368.979,460301.696,0	P10=2229368.703,460301.889,0	P10=2229368.581,460302.004,0	P10=2229368.689,460302.092,0	P10=2229368.877,460302.166,0	P10=2229369.098,460302.227,0	P10=2229369.415,460302.31,0	P10=2229369.641,460302.398,0	P10=2229369.736,460302.503,0	P10=2229369.807,460302.63,0	P10=2229369.886,460302.759,0	P10=2229370.076,460302.976,0	P10=2229370.412,460303.352,0	P10=2229370.754,460303.749,0	P10=2229370.962,460304.032,0	P10=2229371.07,460304.273,0	P10=2229371.139,460304.523,0	P10=2229371.16,460304.782,0	P10=2229371.104,460305.023,0	P10=2229370.988,460305.31,0	P10=2229370.879,460305.585,0	P10=2229370.842,460305.789,0	P10=2229370.92,460305.978,0	P10=2229371.056,460306.15,0	P10=2229371.187,460306.312,0	P10=2229371.296,460306.458,0	P10=2229371.402,460306.596,0	P10=2229371.494,460306.75,0	P10=2229371.57,460306.974,0	P10=2229371.644,460307.265,0	P10=2229371.73,460307.566,0	P10=2229371.852,460307.894,0	P10=2229372.027,460308.341,0	P10=2229372.189,460308.747,0	P10=2229372.267,460308.952,0	P10=2229372.294,460309.078,0	P10=2229372.319,460309.204,0	P10=2229372.384,460309.38,0	P10=2229372.519,460309.738,0	P10=2229372.666,460310.179,0	P10=2229372.773,460310.603,0	P10=2229372.814,460310.992,0	P10=2229372.834,460311.478,0	P10=2229372.841,460311.958,0	P10=2229372.84,460312.328,0	P10=2229372.839,460312.483,0	P10=2229372.841,460312.556,0	P10=2229372.846,460312.629,0	P10=2229372.897,460312.779,0	P10=2229372.983,460313.014,0	P10=2229373.084,460313.274,0	P10=2229373.311,460313.853,0	P10=2229373.612,460314.625,0	P10=2229373.939,460315.463,0	P10=2229374.239,460316.241,0	P10=2229374.463,460316.834,0	P10=2229374.56,460317.114,0	P10=2229374.582,460317.299,0	P10=2229374.582,460317.481,0	P10=2229374.578,460317.67,0	P10=2229374.555,460317.892,0	P10=2229374.514,460318.216,0	P10=2229374.493,460318.579,0	P10=2229374.533,460318.913,0	P10=2229374.665,460319.185,0	P10=2229374.857,460319.425,0	P10=2229375.055,460319.664,0	P10=2229375.201,460319.936,0	P10=2229375.285,460320.354,0	P10=2229375.334,460320.9,0	P10=2229375.355,460321.4,0	P10=2229375.352,460321.684,0	P10=2229375.31,460321.858,0	P10=2229375.251,460322.023,0	P10=2229375.216,460322.119,0	P10=2229375.205,460322.217,0	P10=2229375.198,460322.315,0	P10=2229375.193,460322.539,0	P10=2229375.177,460323.017,0	P10=2229375.144,460323.56,0	P10=2229375.086,460323.974,0	P10=2229374.993,460324.255,0	P10=2229374.87,460324.524,0	P10=2229374.738,460324.773,0	P10=2229374.614,460324.994,0	P10=2229374.454,460325.247,0	P10=2229374.288,460325.481,0	P10=2229374.202,460325.625,0	V40=0	V70=0
LWPOLYLINE	C-TOPO-MINR	P10=2229366.408,460301.608,0	P10=2229366.416,460301.629,0	P10=2229366.44,460301.685,0	P10=2229366.49,460301.793,0	P10=2229366.554,460301.957,0	P10=2229366.566,460302.143,0	P10=2229366.405,460302.296,0	P10=2229366.153,460302.44,0	P10=2229365.998,460302.568,0	P10=2229366.022,460302.761,0	P10=2229366.088,460302.976,0	P10=2229366.071,460303.193,0	P10=2229366.029,460303.564,0	P10=2229366.002,460303.998,0	P10=2229366.033,460304.405,0	P10=2229366.168,460304.802,0	P10=2229366.407,460305.33,0	P10=2229366.673,460305.864,0	P10=2229366.891,460306.281,0	P10=2229366.985,460306.457,0	P10=2229367.011,460306.536,0	P10=2229367.035,460306.608,0	P10=2229367.061,460306.668,0	P10=2229367.088,460306.728,0	P10=2229367.199,460306.906,0	P10=2229367.474,460307.343,0	P10=2229367.498,460307.38,0	V40=0	V70=0
LWPOLYLINE	C-TOPO-MAJR	P10=2229363.494,460302.064,0	P10=2229363.499,460302.081,0	P10=2229363.512,460302.125,0	P10=2229363.537,460302.208,0	P10=2229363.575,460302.338,0	P10=2229363.624,460302.505,0	P10=2229363.681,460302.68,0	P10=2229363.766,460302.94,0	P10=2229363.851,460303.24,0	P10=2229363.905,460303.537,0	P10=2229363.909,460303.875,0	P10=2229363.878,460304.302,0	P10=2229363.835,460304.772,0	P10=2229363.806,460305.241,0	P10=2229363.803,460305.314,0	V40=0	V70=0
LWPOLYLINE	C-TOPO-MINR	P10=2229359.436,460302.968,0	P10=2229359.482,460303.122,0	P10=2229359.568,460303.537,0	P10=2229359.691,460304.037,0	P10=2229359.863,460304.48,0	P10=2229360.133,460304.822,0	P10=2229360.477,460305.133,0	P10=2229360.801,460305.443,0	P10=2229361.01,460305.78,0	P10=2229361.017,460305.839,0	V40=0	V70=0
LWPOLYLINE	C-TOPO-MINR	P10=2229356.399,460303.536,0	P10=2229356.445,460303.531,0	P10=2229356.511,460303.522,0	P10=2229356.646,460303.567,0	P10=2229356.941,460303.686,0	P10=2229357.267,460303.859,0	P10=2229357.492,460304.069,0	P10=2229357.567,460304.427,0	P10=2229357.592,460305.035,0	P10=2229357.581,460305.731,0	P10=2229357.551,460306.352,0	P10=2229357.539,460306.495,0	V40=0	V70=0
LWPOLYLINE	C-TOPO-MINR	P10=2229353.734,460304.034,0	P10=2229353.929,460304.314,0	P10=2229354.08,460304.556,0	P10=2229354.215,460304.795,0	P10=2229354.328,460305.033,0	P10=2229354.364,460305.275,0	P10=2229354.239,460305.556,0	P10=2229353.946,460306.035,0	P10=2229353.573,460306.611,0	P10=2229353.207,460307.183,0	P10=2229352.936,460307.648,0	P10=2229352.749,460308.044,0	P10=2229352.577,460308.457,0	P10=2229352.42,460308.855,0	P10=2229352.275,460309.208,0	P10=2229352.144,460309.483,0	P10=2229351.987,460309.753,0	P10=2229351.825,460310.004,0	P10=2229351.65,460310.247,0	P10=2229351.455,460310.491,0	P10=2229351.23,460310.733,0	P10=2229350.979,460310.971,0	P10=2229350.716,460311.215,0	P10=2229350.456,460311.477,0	P10=2229350.151,460311.815,0	P10=2229349.65,460312.381,0	P10=2229349.064,460313.053,0	P10=2229348.507,460313.705,0	P10=2229348.157,460314.13,0	P10=2229347.989,460314.351,0	P10=2229347.935,460314.437,0	P10=2229347.928,460314.458,0	P10=2229347.933,460314.486,0	P10=2229347.965,460314.539,0	P10=2229348.051,460314.615,0	P10=2229348.186,460314.714,0	P10=2229348.272,460314.842,0	P10=2229348.179,460314.97,0	P10=2229347.965,460315.144,0	P10=2229347.721,460315.344,0	P10=2229347.535,460315.549,0	P10=2229347.406,460315.825,0	P10=2229347.325,460316.115,0	P10=2229347.245,460316.42,0	P10=2229347.157,460316.737,0	P10=2229347.019,460317.258,0	P10=2229346.845,460317.898,0	P10=2229346.651,460318.571,0	P10=2229346.449,460319.193,0	P10=2229346.241,460319.757,0	P10=2229346.022,460320.308,0	P10=2229345.797,460320.837,0	P10=2229345.571,460321.338,0	P10=2229345.349,460321.803,0	P10=2229345.137,460322.234,0	P10=2229344.928,460322.644,0	P10=2229344.711,460323.042,0	P10=2229344.473,460323.433,0	P10=2229344.203,460323.827,0	P10=2229343.877,460324.237,0	P10=2229343.504,460324.653,0	P10=2229343.121,460325.052,0	P10=2229342.765,460325.407,0	P10=2229342.472,460325.695,0	P10=2229342.169,460325.985,0	P10=2229341.873,460326.253,0	P10=2229341.573,460326.518,0	P10=2229341.26,460326.798,0	P10=2229340.938,460327.094,0	P10=2229340.614,460327.394,0	P10=2229340.28,460327.699,0	P10=2229339.93,460328.011,0	P10=2229339.627,460328.274,0	P10=2229339.308,460328.544,0	P10=2229338.99,460328.811,0	P10=2229338.692,460329.06,0	P10=2229338.435,460329.279,0	P10=2229338.131,460329.542,0	P10=2229337.822,460329.811,0	P10=2229337.551,460330.05,0	P10=2229337.358,460330.221,0	P10=2229337.184,460330.386,0	P10=2229337.019,460330.545,0	P10=2229336.841,460330.706,0	P10=2229336.646,460330.867,0	P10=2229336.385,460331.073,0	P10=2229336.122,460331.277,0	P10=2229335.918,460331.432,0	P10=2229335.719,460331.573,0	P10=2229335.525,460331.703,0	P10=2229335.329,460331.847,0	P10=2229335.12,460332.027,0	P10=2229334.79,460332.323,0	P10=2229334.422,460332.656,0	P10=2229334.101,460332.948,0	P10=2229333.912,460333.119,0	P10=2229333.763,460333.247,0	V40=0	V70=0
LWPOLYLINE	C-TOPO-MAJR	P10=2229350.239,460304.688,0	P10=2229350.209,460304.92,0	P10=2229350.099,460305.397,0	P10=2229349.956,460305.915,0	P10=2229349.825,460306.334,0	P10=2229349.707,460306.641,0	P10=2229349.578,460306.928,0	P10=2229349.438,460307.21,0	P10=2229349.286,460307.502,0	P10=2229349.071,460307.886,0	P10=2229348.74,460308.455,0	P10=2229348.38,460309.062,0	P10=2229348.08,460309.56,0	P10=2229347.926,460309.803,0	P10=2229347.79,460309.943,0	P10=2229347.648,460310.077,0	P10=2229347.526,460310.211,0	P10=2229347.373,460310.389,0	P10=2229347.222,460310.579,0	P10=2229347.026,460310.868,0	P10=2229346.642,460311.45,0	P10=2229346.16,460312.184,0	P10=2229345.674,460312.926,0	P10=2229345.275,460313.532,0	P10=2229345.057,460313.86,0	P10=2229344.826,460314.183,0	P10=2229344.599,460314.49,0	P10=2229344.488,460314.64,0	P10=2229344.443,460314.709,0	P10=2229344.394,460314.774,0	P10=2229344.207,460314.874,0	P10=2229343.775,460315.1,0	P10=2229343.256,460315.374,0	P10=2229342.809,460315.616,0	P10=2229342.591,460315.748,0	P10=2229342.5,460315.892,0	P10=2229342.428,460316.055,0	P10=2229342.33,460316.252,0	P10=2229342.107,460316.7,0	P10=2229341.797,460317.321,0	P10=2229341.435,460318.041,0	P10=2229341.058,460318.782,0	P10=2229340.702,460319.469,0	P10=2229340.402,460320.025,0	P10=2229340.085,460320.591,0	P10=2229339.751,460321.181,0	P10=2229339.417,460321.756,0	P10=2229339.1,460322.279,0	P10=2229338.817,460322.713,0	P10=2229338.585,460323.019,0	P10=2229338.262,460323.334,0	P10=2229337.913,460323.606,0	P10=2229337.561,460323.859,0	P10=2229337.233,460324.118,0	P10=2229336.918,460324.403,0	P10=2229336.609,460324.696,0	P10=2229336.332,460324.964,0	P10=2229336.115,460325.175,0	P10=2229335.889,460325.404,0	P10=2229335.674,460325.626,0	P10=2229335.45,460325.827,0	P10=2229335.209,460325.986,0	P10=2229334.966,460326.122,0	P10=2229334.73,460326.286,0	P10=2229334.531,460326.51,0	P10=2229334.351,460326.754,0	P10=2229334.132,460326.963,0	P10=2229333.868,460327.08,0	P10=2229333.51,460327.184,0	P10=2229333.132,460327.295,0	P10=2229332.807,460327.432,0	P10=2229332.55,460327.596,0	P10=2229332.316,460327.778,0	P10=2229332.099,460327.98,0	P10=2229331.887,460328.204,0	P10=2229331.65,460328.522,0	P10=2229331.327,460329.009,0	P10=2229330.99,460329.533,0	P10=2229330.716,460329.962,0	P10=2229330.576,460330.164,0	P10=2229330.44,460330.248,0	P10=2229330.297,460330.325,0	P10=2229330.198,460330.415,0	P10=2229330.08,460330.533,0	P10=2229329.952,460330.649,0	P10=2229329.737,460330.801,0	P10=2229329.337,460331.073,0	P10=2229328.884,460331.378,0	P10=2229328.512,460331.629,0	P10=2229328.352,460331.74,0	P10=2229328.313,460331.806,0	P10=2229328.28,460331.876,0	P10=2229328.224,460332.019,0	P10=2229328.1,460332.344,0	P10=2229327.948,460332.749,0	P10=2229327.809,460333.131,0	P10=2229327.657,460333.575,0	P10=2229327.476,460334.116,0	P10=2229327.365,460334.453,0	V40=0	V70=0
LWPOLYLINE	C-TOPO-MINR	P10=2229344.955,460305.677,0	P10=2229345.075,460305.917,0	P10=2229345.23,460306.318,0	P10=2229345.269,460306.685,0	P10=2229345.15,460306.962,0	P10=2229344.913,460307.273,0	P10=2229344.616,460307.602,0	P10=2229344.315,460307.93,0	P10=2229344.066,460308.24,0	P10=2229343.808,460308.636,0	P10=2229343.559,460309.049,0	P10=2229343.343,460309.415,0	P10=2229343.184,460309.673,0	P10=2229343.022,460309.901,0	P10=2229342.862,460310.116,0	P10=2229342.696,460310.341,0	P10=2229342.5,460310.618,0	P10=2229342.169,460311.089,0	P10=2229341.781,460311.643,0	P10=2229341.415,460312.17,0	P10=2229341.148,460312.561,0	P10=2229340.885,460312.966,0	P10=2229340.612,460313.396,0	P10=2229340.39,460313.749,0	P10=2229340.282,460313.923,0	P10=2229340.211,460314.04,0	P10=2229340.14,460314.156,0	P10=2229340.046,460314.291,0	P10=2229339.931,460314.458,0	P10=2229339.784,460314.745,0	P10=2229339.46,460315.383,0	P10=2229339.03,460316.207,0	P10=2229338.568,460317.048,0	P10=2229338.145,460317.74,0	P10=2229337.835,460318.115,0	P10=2229337.372,460318.296,0	P10=2229336.804,460318.381,0	P10=2229336.319,460318.406,0	P10=2229336.108,460318.408,0	P10=2229336.055,460318.429,0	P10=2229336.003,460318.451,0	P10=2229335.874,460318.54,0	P10=2229335.641,460318.703,0	P10=2229335.505,460318.801,0	P10=2229335.452,460318.863,0	P10=2229335.401,460318.927,0	P10=2229335.261,460319.126,0	P10=2229334.909,460319.624,0	P10=2229334.43,460320.304,0	P10=2229333.906,460321.048,0	P10=2229333.418,460321.738,0	P10=2229333.051,460322.257,0	P10=2229332.887,460322.486,0	P10=2229332.764,460322.63,0	P10=2229332.645,460322.777,0	P10=2229332.558,460322.942,0	P10=2229332.447,460323.167,0	P10=2229332.309,460323.383,0	P10=2229332.123,460323.557,0	P10=2229331.801,460323.825,0	P10=2229331.417,460324.138,0	P10=2229331.047,460324.448,0	P10=2229330.768,460324.709,0	P10=2229330.538,460324.995,0	P10=2229330.342,460325.292,0	P10=2229330.141,460325.58,0	P10=2229329.892,460325.838,0	P10=2229329.563,460326.047,0	P10=2229329.026,460326.329,0	P10=2229328.383,460326.646,0	P10=2229327.734,460326.96,0	P10=2229327.183,460327.233,0	P10=2229326.83,460327.425,0	P10=2229326.493,460327.662,0	P10=2229326.162,460327.921,0	P10=2229325.875,460328.157,0	P10=2229325.667,460328.326,0	V40=0	V70=0
LWPOLYLINE	C-TOPO-MINR	P10=2229341.415,460306.339,0	P10=2229341.257,460306.788,0	P10=2229341.066,460307.208,0	P10=2229340.85,460307.546,0	P10=2229340.569,460307.925,0	P10=2229340.273,460308.3,0	P10=2229340.01,460308.628,0	P10=2229339.828,460308.864,0	P10=2229339.68,460309.076,0	P10=2229339.541,460309.279,0	P10=2229339.405,460309.484,0	P10=2229339.263,460309.7,0	P10=2229339.121,460309.92,0	P10=2229338.984,460310.133,0	P10=2229338.847,460310.35,0	P10=2229338.706,460310.577,0	P10=2229338.536,460310.854,0	P10=2229338.258,460311.317,0	P10=2229337.92,460311.878,0	P10=2229337.573,460312.451,0	P10=2229337.269,460312.95,0	P10=2229337.056,460313.289,0	P10=2229336.832,460313.639,0	P10=2229336.61,460313.982,0	P10=2229336.391,460314.297,0	P10=2229336.176,460314.562,0	P10=2229335.958,460314.773,0	P10=2229335.731,460314.956,0	P10=2229335.497,460315.133,0	P10=2229335.257,460315.325,0	P10=2229335.008,460315.545,0	P10=2229334.744,460315.784,0	P10=2229334.465,460316.032,0	P10=2229334.172,460316.277,0	P10=2229333.809,460316.555,0	P10=2229333.395,460316.856,0	P10=2229333.05,460317.102,0	P10=2229332.89,460317.214,0	P10=2229332.804,460317.272,0	P10=2229332.721,460317.333,0	P10=2229332.621,460317.458,0	P10=2229332.411,460317.727,0	P10=2229332.153,460318.044,0	P10=2229331.911,460318.317,0	P10=2229331.687,460318.513,0	P10=2229331.456,460318.683,0	P10=2229331.233,460318.858,0	P10=2229331.035,460319.07,0	P10=2229330.848,460319.404,0	P10=2229330.609,460319.922,0	P10=2229330.372,460320.476,0	P10=2229330.191,460320.918,0	P10=2229330.118,460321.099,0	P10=2229330.087,460321.145,0	P10=2229330.045,460321.181,0	P10=2229329.874,460321.313,0	P10=2229329.417,460321.667,0	P10=2229328.757,460322.179,0	P10=2229327.975,460322.784,0	P10=2229327.153,460323.42,0	P10=2229326.374,460324.024,0	P10=2229325.719,460324.531,0	P10=2229325.271,460324.878,0	V40=0	V70=0
LWPOLYLINE	C-TOPO-MINR	P10=2229337.786,460307.018,0	P10=2229337.72,460307.119,0	P10=2229337.442,460307.541,0	P10=2229337.141,460307.989,0	P10=2229336.85,460308.403,0	P10=2229336.545,460308.807,0	P10=2229336.207,460309.234,0	P10=2229335.872,460309.649,0	P10=2229335.579,460310.016,0	P10=2229335.367,460310.299,0	P10=2229335.161,460310.612,0	P10=2229334.962,460310.942,0	P10=2229334.79,460311.228,0	P10=2229334.67,460311.408,0	P10=2229334.551,460311.538,0	P10=2229334.426,460311.654,0	P10=2229334.292,460311.771,0	P10=2229334.079,460311.951,0	P10=2229333.68,460312.282,0	P10=2229333.209,460312.675,0	P10=2229332.776,460313.039,0	P10=2229332.495,460313.287,0	P10=2229332.279,460313.5,0	P10=2229332.068,460313.723,0	P10=2229331.884,460313.926,0	P10=2229331.752,460314.08,0	P10=2229331.636,460314.239,0	P10=2229331.531,460314.397,0	P10=2229331.415,460314.557,0	P10=2229331.296,460314.712,0	P10=2229331.137,460314.911,0	P10=2229330.95,460315.12,0	P10=2229330.747,460315.304,0	P10=2229330.499,460315.46,0	P10=2229330.207,460315.605,0	P10=2229329.922,460315.733,0	P10=2229329.699,460315.842,0	P10=2229329.433,460315.992,0	P10=2229329.179,460316.141,0	P10=2229329.048,460316.222,0	P10=2229328.977,460316.289,0	P10=2229328.914,460316.362,0	P10=2229328.837,460316.539,0	P10=2229328.7,460316.895,0	P10=2229328.579,460317.269,0	P10=2229328.541,460317.579,0	P10=2229328.524,460317.971,0	P10=2229328.476,460318.38,0	P10=2229328.346,460318.742,0	P10=2229328.107,460318.999,0	P10=2229327.656,460319.377,0	P10=2229327.068,460319.828,0	P10=2229326.421,460320.305,0	P10=2229325.788,460320.763,0	P10=2229325.248,460321.154,0	P10=2229324.874,460321.431,0	V40=0	V70=0
LWPOLYLINE	C-TOPO-MAJR	P10=2229333.71,460307.781,0	P10=2229333.595,460307.879,0	P10=2229333.091,460308.312,0	P10=2229332.611,460308.729,0	P10=2229332.269,460309.038,0	P10=2229331.99,460309.31,0	P10=2229331.73,460309.576,0	P10=2229331.476,460309.847,0	P10=2229331.214,460310.137,0	P10=2229330.933,460310.462,0	P10=2229330.572,460310.894,0	P10=2229330.205,460311.338,0	P10=2229329.904,460311.704,0	P10=2229329.743,460311.897,0	P10=2229329.61,460312.041,0	P10=2229329.48,460312.178,0	P10=2229329.418,460312.243,0	P10=2229329.36,460312.325,0	P10=2229329.295,460312.383,0	P10=2229329.158,460312.506,0	P10=2229329.019,460312.636,0	P10=2229328.846,460312.823,0	P10=2229328.526,460313.175,0	P10=2229328.148,460313.592,0	P10=2229327.803,460313.973,0	P10=2229327.58,460314.217,0	P10=2229327.345,460314.453,0	P10=2229327.117,460314.679,0	P10=2229326.956,460314.875,0	P10=2229326.866,460315.052,0	P10=2229326.802,460315.235,0	P10=2229326.75,460315.431,0	P10=2229326.723,460315.697,0	P10=2229326.701,460316.03,0	P10=2229326.607,460316.334,0	P10=2229326.363,460316.577,0	P10=2229325.9,460316.942,0	P10=2229325.346,460317.351,0	P10=2229324.83,460317.724,0	P10=2229324.478,460317.983,0	V40=0	V70=0
LWPOLYLINE	C-TOPO-MINR	P10=2229328.745,460308.71,0	P10=2229328.538,460308.951,0	P10=2229328.377,460309.09,0	P10=2229328.212,460309.212,0	P10=2229328.056,460309.355,0	P10=2229327.919,460309.54,0	P10=2229327.789,460309.751,0	P10=2229327.651,460309.97,0	P10=2229327.489,460310.202,0	P10=2229327.192,460310.623,0	P10=2229326.825,460311.141,0	P10=2229326.45,460311.666,0	P10=2229326.132,460312.105,0	P10=2229325.934,460312.368,0	P10=2229325.736,460312.599,0	P10=2229325.523,460312.832,0	P10=2229325.339,460313.027,0	P10=2229325.227,460313.144,0	P10=2229325.092,460313.282,0	P10=2229324.997,460313.387,0	P10=2229324.954,460313.487,0	P10=2229324.921,460313.592,0	P10=2229324.911,460313.742,0	P10=2229324.868,460313.926,0	P10=2229324.67,460314.103,0	P10=2229324.335,460314.351,0	P10=2229324.081,460314.535,0	V40=0	V70=0
LWPOLYLINE	C-TOPO-MINR	P10=2229324.551,460309.494,0	P10=2229324.385,460309.78,0	P10=2229324.11,460310.311,0	P10=2229323.891,460310.753,0	P10=2229323.795,460310.937,0	P10=2229323.745,460310.87,0	P10=2229323.701,460310.793,0	V40=0	V70=0
LWPOLYLINE	C-TOPO-MINR	P10=2229323.482,460306.446,0	P10=2229323.483,460306.448,0	P10=2229323.485,460306.459,0	P10=2229323.486,460306.466,0	P10=2229323.44,460306.511,0	P10=2229323.381,460306.577,0	P10=2229323.358,460306.654,0	P10=2229323.344,460306.633,0	V40=0	V70=0
TEXT	18_Зарамочное оформление	P10=2229321.573,460321.86,0	P11=0,0,0	TXT=Ю	V40=0.75
INSERT	растительность	P10=2229328.6,460310.031,0	NAME=*U5	V70=0
INSERT	растительность	P10=2229325.613,460310.712,0	NAME=*U5	V70=0
INSERT	0	P10=920561.208,45916.711,85.149	NAME=ыыыы	V70=0
INSERT	0	P10=920561.509,45922.252,85.149	NAME=ыыыы	V70=0
INSERT	0	P10=920566.219,45925.319,85.149	NAME=ыыыы	V70=0
INSERT	0	P10=920564.04,45928.334,85.149	NAME=ыыыы	V70=0
TEXT	0	P10=2229373.508,460293.528,0	P11=2229373.508,460294.028,0	TXT=Y= 2229382.780	V40=0.5
TEXT	0	P10=2229373.508,460294.494,0	P11=2229373.508,460294.328,0	TXT=X= 460298.600	V40=0.5
LWPOLYLINE	0	P10=2229382.78,460298.6,0	P10=2229380.008,460294.253,0	P10=2229373.433,460294.253,0	V40=0	V70=0
MTEXT	0	P10=2229395.876,460305.077,0	P11=0.224,0.975,0	TXT=западная аллея	V40=0.5
DIMENSION	0	P10=2229327.588,460338.702,0	P11=2229336.985,460337.288,0	TXT=	NAME=*D18	V40=0	V70=33
DIMENSION	0	P10=2229394.29,460326.11,0	P11=2229391.962,460326.913,0	TXT=	NAME=*D17	V40=0	V70=33
DIMENSION	0	P10=2229389.491,460327.035,0	P11=2229367.935,460331.449,0	TXT=	NAME=*D16	V40=0	V70=33
DIMENSION	0	P10=2229387.533,460293.571,0	P11=2229384.847,460294.431,0	TXT=	NAME=*D15	V40=0	V70=33
DIMENSION	0	P10=2229323.004,460305.637,0	P11=2229330.963,460304.508,0	TXT=	NAME=*D14	V40=0	V70=33
DIMENSION	0	P10=2229338.792,460302.691,0	P11=2229360.476,460298.991,0	TXT=	NAME=*D13	V40=0	V70=33
LWPOLYLINE	0	P10=2229323.736,460309.199,0	P10=2229323.848,460308.229,0	V40=0	V70=0
INSERT	13_Растительность	P10=2229337.262,460333.788,22.067	NAME=нгоееон	V70=0
INSERT	13_Растительность	P10=2229341.294,460332.587,22.232	NAME=нгоееон	V70=0
INSERT	13_Растительность	P10=2229343.487,460332.709,22.383	NAME=нгоееон	V70=0
INSERT	13_Растительность	P10=2229342.674,460315.808,21.271	NAME=нгоееон	V70=0
INSERT	13_Растительность	P10=2229346.589,460315.23,21.653	NAME=нгоееон	V70=0
INSERT	13_Растительность	P10=2229346.514,460304.109,20.813	NAME=нгоееон	V70=0
INSERT	13_Растительность	P10=2229348.531,460304.3,21.058	NAME=нгоееон	V70=0
INSERT	13_Растительность	P10=2229352.359,460303.682,21.567	NAME=нгоееон	V70=0
INSERT	13_Растительность	P10=2229346.501,460332.39,22.49	NAME=нгоееон	V70=0
INSERT	13_Растительность	P10=2229349.875,460331.098,22.459	NAME=нгоееон	V70=0
INSERT	13_Растительность	P10=2229352.693,460330.519,22.599	NAME=нгоееон	V70=0
INSERT	13_Растительность	P10=2229355.825,460329.537,22.675	NAME=нгоееон	V70=0
INSERT	13_Растительность	P10=2229358.908,460330.023,22.938	NAME=нгоееон	V70=0
INSERT	13_Растительность	P10=2229368.671,460328.657,23.68	NAME=нгоееон	V70=0
INSERT	13_Растительность	P10=2229366.004,460328.989,23.473	NAME=нгоееон	V70=0
INSERT	13_Растительность	P10=2229360.576,460330.26,23.045	NAME=нгоееон	V70=0
INSERT	13_Растительность	P10=2229378.317,460298.622,25.159	NAME=нгоееон	V70=0
INSERT	13_Растительность	P10=2229364.809,460302.607,23.443	NAME=нгоееон	V70=0
INSERT	13_Растительность	P10=2229367.231,460302.528,24.076	NAME=нгоееон	V70=0
INSERT	13_Растительность	P10=2229370.053,460301.906,24.38	NAME=нгоееон	V70=0
INSERT	13_Растительность	P10=2229378.505,460326.622,25.008	NAME=нгоееон	V70=0
INSERT	13_Растительность	P10=2229387.662,460323.503,26.28	NAME=нгоееон	V70=0
INSERT	13_Растительность	P10=2229385.364,460324.498,26.03	NAME=нгоееон	V70=0
INSERT	13_Растительность	P10=2229390.452,460322.172,26.473	NAME=нгоееон	V70=0
INSERT	Обозначения	P10=2229357.21,460340.017,81.831	NAME=g5_330	V70=0
INSERT	Обозначения	P10=2229349.32,460333.108,81.285	NAME=g5_330	V70=0
INSERT	Обозначения	P10=2229355.332,460331.745,81.409	NAME=g5_330	V70=0
MTEXT	Обозначения	P10=2229352.356,460336.032,0	P11=0.218,0.976,0	TXT=2ЖД	V40=0.4
LWPOLYLINE	0	P10=2229357.21,460340.017,0	P10=2229351.198,460341.38,0	V40=0	V70=0
LWPOLYLINE	0	P10=2229351.198,460341.38,0	P10=2229349.32,460333.108,0	V40=0	V70=0
LWPOLYLINE	0	P10=2229355.332,460331.745,0	P10=2229349.32,460333.108,0	V40=0	V70=0
LWPOLYLINE	0	P10=2229357.21,460340.017,0	P10=2229355.332,460331.745,0	V40=0	V70=0
INSERT	13_Растительность	P10=2229328.647,460331.195,0	NAME=g5_401	V70=0
INSERT	13_Растительность	P10=2229324.795,460306.748,0	NAME=g5_401	V70=0
INSERT	13_Растительность	P10=2229342.279,460331.199,0	NAME=g5_401	V70=0
INSERT	13_Растительность	P10=2229336.268,460330.621,0	NAME=g5_401	V70=0
INSERT	13_Растительность	P10=2229360.297,460327.54,0	NAME=g5_401	V70=0
INSERT	13_Растительность	P10=2229353.298,460327.64,0	NAME=g5_401	V70=0
INSERT	13_Растительность	P10=2229346.299,460327.741,0	NAME=g5_401	V70=0
INSERT	13_Растительность	P10=2229339.3,460327.842,0	NAME=g5_401	V70=0
INSERT	13_Растительность	P10=2229391.744,460323.587,0	NAME=g5_401	V70=0
INSERT	13_Растительность	P10=2229384.243,460323.83,0	NAME=g5_401	V70=0
INSERT	13_Растительность	P10=2229377.745,460323.789,0	NAME=g5_401	V70=0
INSERT	13_Растительность	P10=2229370.746,460323.889,0	NAME=g5_401	V70=0
INSERT	13_Растительность	P10=2229363.747,460323.99,0	NAME=g5_401	V70=0
INSERT	13_Растительность	P10=2229356.748,460324.09,0	NAME=g5_401	V70=0
INSERT	13_Растительность	P10=2229349.748,460324.191,0	NAME=g5_401	V70=0
INSERT	13_Растительность	P10=2229342.749,460324.292,0	NAME=g5_401	V70=0
INSERT	13_Растительность	P10=2229335.75,460324.392,0	NAME=g5_401	V70=0
INSERT	13_Растительность	P10=2229395.193,460320.038,0	NAME=g5_401	V70=0
INSERT	13_Растительность	P10=2229388.406,460319.919,0	NAME=g5_401	V70=0
INSERT	13_Растительность	P10=2229381.15,460319.783,0	NAME=g5_401	V70=0
INSERT	13_Растительность	P10=2229374.195,460320.339,0	NAME=g5_401	V70=0
INSERT	13_Растительность	P10=2229360.197,460320.54,0	NAME=g5_401	V70=0
INSERT	13_Растительность	P10=2229353.198,460320.641,0	NAME=g5_401	V70=0
INSERT	13_Растительность	P10=2229346.198,460320.742,0	NAME=g5_401	V70=0
INSERT	13_Растительность	P10=2229339.199,460320.842,0	NAME=g5_401	V70=0
INSERT	13_Растительность	P10=2229332.2,460320.943,0	NAME=g5_401	V70=0
INSERT	13_Растительность	P10=2229391.643,460316.588,0	NAME=g5_401	V70=0
INSERT	13_Растительность	P10=2229384.644,460316.689,0	NAME=g5_401	V70=0
INSERT	13_Растительность	P10=2229377.645,460316.789,0	NAME=g5_401	V70=0
INSERT	13_Растительность	P10=2229370.646,460316.89,0	NAME=g5_401	V70=0
INSERT	13_Растительность	P10=2229356.647,460317.091,0	NAME=g5_401	V70=0
INSERT	13_Растительность	P10=2229349.648,460317.192,0	NAME=g5_401	V70=0
INSERT	13_Растительность	P10=2229342.648,460317.292,0	NAME=g5_401	V70=0
INSERT	13_Растительность	P10=2229335.649,460317.393,0	NAME=g5_401	V70=0
INSERT	13_Растительность	P10=2229395.093,460313.038,0	NAME=g5_401	V70=0
INSERT	13_Растительность	P10=2229388.093,460313.139,0	NAME=g5_401	V70=0
INSERT	13_Растительность	P10=2229381.094,460313.239,0	NAME=g5_401	V70=0
INSERT	13_Растительность	P10=2229374.095,460313.34,0	NAME=g5_401	V70=0
INSERT	13_Растительность	P10=2229353.937,460313.417,0	NAME=g5_401	V70=0
INSERT	13_Растительность	P10=2229346.098,460313.742,0	NAME=g5_401	V70=0
INSERT	13_Растительность	P10=2229339.098,460313.843,0	NAME=g5_401	V70=0
INSERT	13_Растительность	P10=2229332.099,460313.944,0	NAME=g5_401	V70=0
INSERT	13_Растительность	P10=2229391.543,460309.589,0	NAME=g5_401	V70=0
INSERT	13_Растительность	P10=2229384.575,460308.999,0	NAME=g5_401	V70=0
INSERT	13_Растительность	P10=2229377.544,460309.79,0	NAME=g5_401	V70=0
INSERT	13_Растительность	P10=2229370.545,460309.891,0	NAME=g5_401	V70=0
INSERT	13_Растительность	P10=2229349.547,460310.192,0	NAME=g5_401	V70=0
INSERT	13_Растительность	P10=2229342.548,460310.293,0	NAME=g5_401	V70=0
INSERT	13_Растительность	P10=2229335.763,460310.194,0	NAME=g5_401	V70=0
INSERT	13_Растительность	P10=2229387.993,460306.14,0	NAME=g5_401	V70=0
INSERT	13_Растительность	P10=2229381.635,460306.026,0	NAME=g5_401	V70=0
INSERT	13_Растительность	P10=2229373.994,460306.341,0	NAME=g5_401	V70=0
INSERT	13_Растительность	P10=2229352.996,460306.643,0	NAME=g5_401	V70=0
INSERT	13_Растительность	P10=2229345.997,460306.743,0	NAME=g5_401	V70=0
INSERT	13_Растительность	P10=2229338.998,460306.844,0	NAME=g5_401	V70=0
INSERT	13_Растительность	P10=2229331.999,460306.944,0	NAME=g5_401	V70=0
INSERT	13_Растительность	P10=2229391.442,460302.59,0	NAME=g5_401	V70=0
INSERT	13_Растительность	P10=2229384.443,460302.69,0	NAME=g5_401	V70=0
INSERT	13_Растительность	P10=2229377.439,460302.314,0	NAME=g5_401	V70=0
INSERT	13_Растительность	P10=2229371.15,460303.425,0	NAME=g5_401	V70=0
INSERT	13_Растительность	P10=2229363.445,460302.992,0	NAME=g5_401	V70=0
INSERT	13_Растительность	P10=2229356.446,460303.093,0	NAME=g5_401	V70=0
INSERT	13_Растительность	P10=2229349.447,460303.193,0	NAME=g5_401	V70=0
INSERT	13_Растительность	P10=2229342.447,460303.294,0	NAME=g5_401	V70=0
INSERT	13_Растительность	P10=2229387.892,460299.14,0	NAME=g5_401	V70=0
INSERT	13_Растительность	P10=2229380.195,460299.419,0	NAME=g5_401	V70=0
INSERT	13_Растительность	P10=2229373.894,460299.341,0	NAME=g5_401	V70=0
INSERT	13_Растительность	P10=2229391.342,460295.59,0	NAME=g5_401	V70=0
INSERT	61_Отметки высоты поверхности	P10=2229360.111,460302.587,81.624	NAME=g5_330	V70=0
TEXT	61_Отметки высоты поверхности	P10=2229360.215,460302.527,81.624	P11=0,0,81.624	TXT=81.62	V40=0.4
INSERT	61_Отметки высоты поверхности	P10=2229379.904,460301.886,0	NAME=g5_330	V70=0
TEXT	61_Отметки высоты поверхности	P10=2229380.008,460301.826,0	P11=0,0,0	TXT=84.05	V40=0.4
INSERT	растительность	P10=2229339.129,460333.338,80.959	NAME=*U5	V70=0
INSERT	растительность	P10=2229341.375,460320.085,80.147	NAME=*U5	V70=0
INSERT	растительность	P10=2229341.354,460304.031,78.845	NAME=*U5	V70=0
INSERT	растительность	P10=2229343.029,460304.034,79.149	NAME=*U5	V70=0
INSERT	растительность	P10=2229358.522,460303.188,81.194	NAME=*U5	V70=0
INSERT	растительность	P10=2229359.779,460302.83,81.62	NAME=*U5	V70=0
INSERT	растительность	P10=2229359.776,460302.835,81.616	NAME=*U5	V70=0
INSERT	растительность	P10=2229361.722,460302.341,81.696	NAME=*U5	V70=0
INSERT	растительность	P10=2229382.802,460299.605,84.301	NAME=*U5	V70=0
INSERT	растительность	P10=2229381.268,460297.875,84.221	NAME=*U5	V70=0
INSERT	растительность	P10=2229379.033,460300.467,84.045	NAME=*U5	V70=0
INSERT	растительность	P10=2229379.826,460300.538,84.08	NAME=*U5	V70=0
INSERT	растительность	P10=2229374.931,460306.023,83.633	NAME=*U5	V70=0
INSERT	растительность	P10=2229374.585,460300.01,83.67	NAME=*U5	V70=0
INSERT	растительность	P10=2229373.604,460303.859,83.519	NAME=*U5	V70=0
INSERT	растительность	P10=2229373.08,460301.803,83.498	NAME=*U5	V70=0
INSERT	растительность	P10=2229372.591,460304.528,83.44	NAME=*U5	V70=0
INSERT	растительность	P10=2229373.016,460306.902,83.245	NAME=*U5	V70=0
INSERT	растительность	P10=2229392.911,460320.756,85.295	NAME=*U5	V70=0
INSERT	растительность	P10=2229335.639,460318.871,79.524	NAME=кеен	V70=0
INSERT	растительность	P10=2229341.013,460334.156,81.165	NAME=кеен	V70=0
INSERT	растительность	P10=2229345.374,460332.442,81.283	NAME=кеен	V70=0
INSERT	растительность	P10=2229345.053,460305.2,79.544	NAME=кеен	V70=0
INSERT	растительность	P10=2229356.163,460303.622,80.973	NAME=кеен	V70=0
INSERT	растительность	P10=2229369.737,460328.095,82.518	NAME=кеен	V70=0
INSERT	растительность	P10=2229381.93,460297.243,84.286	NAME=кеен	V70=0
INSERT	растительность	P10=2229381.182,460299.128,84.197	NAME=кеен	V70=0
INSERT	растительность	P10=2229379.302,460302.134,84.168	NAME=кеен	V70=0
INSERT	растительность	P10=2229380.242,460302.468,84.155	NAME=кеен	V70=0
INSERT	растительность	P10=2229381.409,460303.484,84.087	NAME=кеен	V70=0
INSERT	растительность	P10=2229380.473,460303.924,84.061	NAME=кеен	V70=0
INSERT	растительность	P10=2229380.834,460305.389,84.131	NAME=кеен	V70=0
INSERT	растительность	P10=2229380.277,460306.062,84.086	NAME=кеен	V70=0
INSERT	растительность	P10=2229372.791,460327.554,82.896	NAME=кеен	V70=0
INSERT	растительность	P10=2229375.718,460326.793,83.323	NAME=кеен	V70=0
INSERT	растительность	P10=2229380.753,460325.477,84.118	NAME=кеен	V70=0
INSERT	растительность	P10=2229390.919,460322.106,85.234	NAME=кеен	V70=0
INSERT	растительность	P10=2229328.076,460309.509,0	NAME=g5_368	V70=0
INSERT	растительность	P10=2229327.452,460311.496,0	NAME=g5_368	V70=0
INSERT	растительность	P10=2229329,460318.529,0	NAME=g5_368	V70=0
INSERT	растительность	P10=2229327.211,460320.503,0	NAME=g5_368	V70=0
INSERT	растительность	P10=2229328.82,460325.016,0	NAME=g5_368	V70=0
INSERT	растительность	P10=2229326.202,460326.295,0	NAME=g5_368	V70=0
INSERT	растительность	P10=2229326.485,460330.296,0	NAME=g5_368	V70=0
INSERT	растительность	P10=2229327.472,460328.289,0	NAME=g5_368	V70=0
INSERT	растительность	P10=2229331.162,460327.552,0	NAME=g5_368	V70=0
INSERT	61_Отметки высоты поверхности	P10=2229390.576,460289.251,84.387	NAME=g5_330	V70=0
INSERT	61_Отметки высоты поверхности	P10=2229393.736,460288.75,84.391	NAME=g5_330	V70=0
INSERT	61_Отметки высоты поверхности	P10=2229396.524,460301.07,84.844	NAME=g5_330	V70=0
INSERT	61_Отметки высоты поверхности	P10=2229393.457,460302.174,84.872	NAME=g5_330	V70=0
INSERT	61_Отметки высоты поверхности	P10=2229396.225,460313.492,85.272	NAME=g5_330	V70=0
INSERT	61_Отметки высоты поверхности	P10=2229399.208,460312.88,85.283	NAME=g5_330	V70=0
INSERT	61_Отметки высоты поверхности	P10=2229398.647,460324.399,85.431	NAME=g5_330	V70=0
INSERT	61_Отметки высоты поверхности	P10=2229402.068,460324.281,85.444	NAME=g5_330	V70=0
INSERT	61_Отметки высоты поверхности	P10=2229387.937,460296.22,84.43	NAME=g5_330	V70=0
INSERT	61_Отметки высоты поверхности	P10=2229385.701,460297.101,84.266	NAME=g5_330	V70=0
INSERT	61_Отметки высоты поверхности	P10=2229386.007,460301.834,84.239	NAME=g5_330	V70=0
INSERT	61_Отметки высоты поверхности	P10=2229389.418,460302.165,84.498	NAME=g5_330	V70=0
INSERT	61_Отметки высоты поверхности	P10=2229390.815,460307.705,84.51	NAME=g5_330	V70=0
INSERT	61_Отметки высоты поверхности	P10=2229387.11,460308.618,84.227	NAME=g5_330	V70=0
INSERT	61_Отметки высоты поверхности	P10=2229388.318,460312.579,84.345	NAME=g5_330	V70=0
INSERT	61_Отметки высоты поверхности	P10=2229389.709,460317.252,84.698	NAME=g5_330	V70=0
INSERT	61_Отметки высоты поверхности	P10=2229387.48,460320.489,84.643	NAME=g5_330	V70=0
INSERT	61_Отметки высоты поверхности	P10=2229393.416,460321.542,85.339	NAME=g5_330	V70=0
INSERT	61_Отметки высоты поверхности	P10=2229393.947,460320.417,85.354	NAME=g5_330	V70=0
INSERT	61_Отметки высоты поверхности	P10=2229385.505,460321.464,84.477	NAME=g5_330	V70=0
INSERT	61_Отметки высоты поверхности	P10=2229384.798,460318.12,84.105	NAME=g5_330	V70=0
INSERT	61_Отметки высоты поверхности	P10=2229380.195,460323.774,83.807	NAME=g5_330	V70=0
INSERT	61_Отметки высоты поверхности	P10=2229372.855,460324.882,82.739	NAME=g5_330	V70=0
INSERT	61_Отметки высоты поверхности	P10=2229374.954,460322.214,82.961	NAME=g5_330	V70=0
INSERT	61_Отметки высоты поверхности	P10=2229376.269,460320.46,83.09	NAME=g5_330	V70=0
INSERT	61_Отметки высоты поверхности	P10=2229371.771,460320.715,82.509	NAME=g5_330	V70=0
INSERT	61_Отметки высоты поверхности	P10=2229374.889,460317.084,83.046	NAME=g5_330	V70=0
INSERT	61_Отметки высоты поверхности	P10=2229372.942,460312.689,83.038	NAME=g5_330	V70=0
INSERT	61_Отметки высоты поверхности	P10=2229369.955,460312.965,82.575	NAME=g5_330	V70=0
INSERT	61_Отметки высоты поверхности	P10=2229372.779,460308.788,83.081	NAME=g5_330	V70=0
INSERT	61_Отметки высоты поверхности	P10=2229369.147,460309.03,82.498	NAME=g5_330	V70=0
INSERT	61_Отметки высоты поверхности	P10=2229370.448,460306.073,82.901	NAME=g5_330	V70=0
INSERT	61_Отметки высоты поверхности	P10=2229367.067,460306.524,82.508	NAME=g5_330	V70=0
INSERT	61_Отметки высоты поверхности	P10=2229367.133,460303.279,82.754	NAME=g5_330	V70=0
INSERT	61_Отметки высоты поверхности	P10=2229369.184,460302.941,82.86	NAME=g5_330	V70=0
INSERT	61_Отметки высоты поверхности	P10=2229372.762,460307.571,83.12	NAME=g5_330	V70=0
INSERT	61_Отметки высоты поверхности	P10=2229371.419,460304.312,83.036	NAME=g5_330	V70=0
INSERT	61_Отметки высоты поверхности	P10=2229371.753,460300.771,83.417	NAME=g5_330	V70=0
INSERT	61_Отметки высоты поверхности	P10=2229370.357,460302.636,83.094	NAME=g5_330	V70=0
INSERT	61_Отметки высоты поверхности	P10=2229373.662,460300.779,83.541	NAME=g5_330	V70=0
INSERT	61_Отметки высоты поверхности	P10=2229376.466,460300.222,83.744	NAME=g5_330	V70=0
INSERT	61_Отметки высоты поверхности	P10=2229376.646,460305.503,83.703	NAME=g5_330	V70=0
INSERT	61_Отметки высоты поверхности	P10=2229379.192,460304.677,83.945	NAME=g5_330	V70=0
INSERT	61_Отметки высоты поверхности	P10=2229381.877,460307.558,83.98	NAME=g5_330	V70=0
INSERT	61_Отметки высоты поверхности	P10=2229382.415,460303.266,84.125	NAME=g5_330	V70=0
INSERT	61_Отметки высоты поверхности	P10=2229381.793,460298.523,84.163	NAME=g5_330	V70=0
INSERT	61_Отметки высоты поверхности	P10=2229382.515,460301.447,84.098	NAME=g5_330	V70=0
INSERT	61_Отметки высоты поверхности	P10=2229384.018,460305.796,84.127	NAME=g5_330	V70=0
INSERT	61_Отметки высоты поверхности	P10=2229383.482,460309.777,84.04	NAME=g5_330	V70=0
INSERT	61_Отметки высоты поверхности	P10=2229384.195,460312.177,84.008	NAME=g5_330	V70=0
INSERT	61_Отметки высоты поверхности	P10=2229384.007,460315.581,84.013	NAME=g5_330	V70=0
INSERT	61_Отметки высоты поверхности	P10=2229381.617,460318.229,83.858	NAME=g5_330	V70=0
INSERT	61_Отметки высоты поверхности	P10=2229377.971,460319.215,83.528	NAME=g5_330	V70=0
INSERT	61_Отметки высоты поверхности	P10=2229376.562,460317.66,83.264	NAME=g5_330	V70=0
INSERT	61_Отметки высоты поверхности	P10=2229375.949,460315.456,83.252	NAME=g5_330	V70=0
INSERT	61_Отметки высоты поверхности	P10=2229379.808,460309.513,83.776	NAME=g5_330	V70=0
INSERT	61_Отметки высоты поверхности	P10=2229379.636,460314.62,83.494	NAME=g5_330	V70=0
INSERT	61_Отметки высоты поверхности	P10=2229362.111,460305.377,81.624	NAME=g5_330	V70=0
INSERT	61_Отметки высоты поверхности	P10=2229363.764,460323.205,81.873	NAME=g5_330	V70=0
INSERT	61_Отметки высоты поверхности	P10=2229360.355,460323.608,81.614	NAME=g5_330	V70=0
INSERT	61_Отметки высоты поверхности	P10=2229361.274,460327.722,81.736	NAME=g5_330	V70=0
INSERT	61_Отметки высоты поверхности	P10=2229362.733,460329.631,81.929	NAME=g5_330	V70=0
INSERT	61_Отметки высоты поверхности	P10=2229365.179,460326.992,81.932	NAME=g5_330	V70=0
INSERT	61_Отметки высоты поверхности	P10=2229369.089,460325.692,82.348	NAME=g5_330	V70=0
INSERT	61_Отметки высоты поверхности	P10=2229358.072,460328.515,81.531	NAME=g5_330	V70=0
INSERT	61_Отметки высоты поверхности	P10=2229355.914,460328.152,81.323	NAME=g5_330	V70=0
INSERT	61_Отметки высоты поверхности	P10=2229356.202,460326.539,81.364	NAME=g5_330	V70=0
INSERT	61_Отметки высоты поверхности	P10=2229355.483,460323.629,81.247	NAME=g5_330	V70=0
INSERT	61_Отметки высоты поверхности	P10=2229354.666,460320.085,81.238	NAME=g5_330	V70=0
INSERT	61_Отметки высоты поверхности	P10=2229354.112,460315.653,80.978	NAME=g5_330	V70=0
INSERT	61_Отметки высоты поверхности	P10=2229353.963,460312.126,80.86	NAME=g5_330	V70=0
INSERT	61_Отметки высоты поверхности	P10=2229353.374,460309.416,80.68	NAME=g5_330	V70=0
INSERT	61_Отметки высоты поверхности	P10=2229352.284,460305.015,80.232	NAME=g5_330	V70=0
INSERT	61_Отметки высоты поверхности	P10=2229355.862,460305.463,80.693	NAME=g5_330	V70=0
INSERT	61_Отметки высоты поверхности	P10=2229348.775,460306.897,79.901	NAME=g5_330	V70=0
INSERT	61_Отметки высоты поверхности	P10=2229345.892,460306.707,79.59	NAME=g5_330	V70=0
INSERT	61_Отметки высоты поверхности	P10=2229343.282,460306.613,79.213	NAME=g5_330	V70=0
INSERT	61_Отметки высоты поверхности	P10=2229342.022,460307.633,79.184	NAME=g5_330	V70=0
INSERT	61_Отметки высоты поверхности	P10=2229342.402,460309.636,79.418	NAME=g5_330	V70=0
INSERT	61_Отметки высоты поверхности	P10=2229347.215,460309.862,79.923	NAME=g5_330	V70=0
INSERT	61_Отметки высоты поверхности	P10=2229351.01,460309.545,80.334	NAME=g5_330	V70=0
INSERT	61_Отметки высоты поверхности	P10=2229351.006,460315.054,80.638	NAME=g5_330	V70=0
INSERT	61_Отметки высоты поверхности	P10=2229347.262,460314.763,80.449	NAME=g5_330	V70=0
INSERT	61_Отметки высоты поверхности	P10=2229344.552,460314.795,80.018	NAME=g5_330	V70=0
INSERT	61_Отметки высоты поверхности	P10=2229344.385,460319.04,80.288	NAME=g5_330	V70=0
INSERT	61_Отметки высоты поверхности	P10=2229348.863,460319.372,80.748	NAME=g5_330	V70=0
INSERT	61_Отметки высоты поверхности	P10=2229350.777,460322.915,80.96	NAME=g5_330	V70=0
INSERT	61_Отметки высоты поверхности	P10=2229346.127,460324.337,80.66	NAME=g5_330	V70=0
INSERT	61_Отметки высоты поверхности	P10=2229342.306,460323.766,80.338	NAME=g5_330	V70=0
INSERT	61_Отметки высоты поверхности	P10=2229342.677,460328.065,80.699	NAME=g5_330	V70=0
INSERT	61_Отметки высоты поверхности	P10=2229342.78,460331.348,80.942	NAME=g5_330	V70=0
INSERT	61_Отметки высоты поверхности	P10=2229345.671,460329.637,80.964	NAME=g5_330	V70=0
INSERT	61_Отметки высоты поверхности	P10=2229348.9,460329.743,81.086	NAME=g5_330	V70=0
INSERT	61_Отметки высоты поверхности	P10=2229349.162,460328.045,81.033	NAME=g5_330	V70=0
INSERT	61_Отметки высоты поверхности	P10=2229352.852,460326.617,81.12	NAME=g5_330	V70=0
INSERT	61_Отметки высоты поверхности	P10=2229337.401,460331.725,80.627	NAME=g5_330	V70=0
INSERT	61_Отметки высоты поверхности	P10=2229337.294,460327.96,80.309	NAME=g5_330	V70=0
INSERT	61_Отметки высоты поверхности	P10=2229338.605,460324.424,80.127	NAME=g5_330	V70=0
INSERT	61_Отметки высоты поверхности	P10=2229335.392,460328.065,80.171	NAME=g5_330	V70=0
INSERT	61_Отметки высоты поверхности	P10=2229334.669,460331.186,80.393	NAME=g5_330	V70=0
INSERT	61_Отметки высоты поверхности	P10=2229333.671,460333.733,80.534	NAME=g5_330	V70=0
INSERT	61_Отметки высоты поверхности	P10=2229330.76,460330.707,80.067	NAME=g5_330	V70=0
INSERT	61_Отметки высоты поверхности	P10=2229329.609,460334.747,80.284	NAME=g5_330	V70=0
INSERT	61_Отметки высоты поверхности	P10=2229328.486,460331.957,80.034	NAME=g5_330	V70=0
INSERT	61_Отметки высоты поверхности	P10=2229329.363,460335.73,80.395	NAME=g5_330	V70=0
INSERT	61_Отметки высоты поверхности	P10=2229329.449,460336.804,80.52	NAME=g5_330	V70=0
INSERT	61_Отметки высоты поверхности	P10=2229326.853,460334.789,79.952	NAME=g5_330	V70=0
INSERT	61_Отметки высоты поверхности	P10=2229325.795,460329.436,79.661	NAME=g5_330	V70=0
INSERT	61_Отметки высоты поверхности	P10=2229326.009,460330.984,79.626	NAME=g5_330	V70=0
INSERT	61_Отметки высоты поверхности	P10=2229327.575,460330.48,79.803	NAME=g5_330	V70=0
INSERT	61_Отметки высоты поверхности	P10=2229328.661,460328.974,79.763	NAME=g5_330	V70=0
INSERT	61_Отметки высоты поверхности	P10=2229329.813,460327.912,79.722	NAME=g5_330	V70=0
INSERT	61_Отметки высоты поверхности	P10=2229332.544,460328.297,80.088	NAME=g5_330	V70=0
INSERT	61_Отметки высоты поверхности	P10=2229334.319,460327.643,80.085	NAME=g5_330	V70=0
INSERT	61_Отметки высоты поверхности	P10=2229333.571,460324.924,79.745	NAME=g5_330	V70=0
INSERT	61_Отметки высоты поверхности	P10=2229335.504,460323.733,79.84	NAME=g5_330	V70=0
INSERT	61_Отметки высоты поверхности	P10=2229332.991,460322.901,79.548	NAME=g5_330	V70=0
INSERT	61_Отметки высоты поверхности	P10=2229331.469,460322.357,79.337	NAME=g5_330	V70=0
INSERT	61_Отметки высоты поверхности	P10=2229330.071,460321.131,78.996	NAME=g5_330	V70=0
INSERT	61_Отметки высоты поверхности	P10=2229332.188,460319.687,79.176	NAME=g5_330	V70=0
INSERT	61_Отметки высоты поверхности	P10=2229329.614,460318.31,78.783	NAME=g5_330	V70=0
INSERT	61_Отметки высоты поверхности	P10=2229331.591,460316.737,78.797	NAME=g5_330	V70=0
INSERT	61_Отметки высоты поверхности	P10=2229328.73,460316.413,78.591	NAME=g5_330	V70=0
INSERT	61_Отметки высоты поверхности	P10=2229332.28,460314.495,78.613	NAME=g5_330	V70=0
INSERT	61_Отметки высоты поверхности	P10=2229330.352,460314.633,78.361	NAME=g5_330	V70=0
INSERT	61_Отметки высоты поверхности	P10=2229328.088,460314.449,78.108	NAME=g5_330	V70=0
INSERT	61_Отметки высоты поверхности	P10=2229323.849,460312.515,77.207	NAME=g5_330	V70=0
INSERT	61_Отметки высоты поверхности	P10=2229329.278,460312.133,77.97	NAME=g5_330	V70=0
INSERT	61_Отметки высоты поверхности	P10=2229333.041,460310.218,78.213	NAME=g5_330	V70=0
INSERT	61_Отметки высоты поверхности	P10=2229329.653,460310.067,77.818	NAME=g5_330	V70=0
INSERT	61_Отметки высоты поверхности	P10=2229330.95,460307.022,77.636	NAME=g5_330	V70=0
INSERT	61_Отметки высоты поверхности	P10=2229327.847,460308.26,77.303	NAME=g5_330	V70=0
INSERT	61_Отметки высоты поверхности	P10=2229326.751,460308.773,77.24	NAME=g5_330	V70=0
INSERT	61_Отметки высоты поверхности	P10=2229324.658,460309.34,77.003	NAME=g5_330	V70=0
INSERT	61_Отметки высоты поверхности	P10=2229323.736,460309.199,76.772	NAME=g5_330	V70=0
INSERT	61_Отметки высоты поверхности	P10=2229323.33,460306.467,76.48	NAME=g5_330	V70=0
INSERT	61_Отметки высоты поверхности	P10=2229334.622,460306.382,77.929	NAME=g5_330	V70=0
INSERT	61_Отметки высоты поверхности	P10=2229338.027,460305.858,78.415	NAME=g5_330	V70=0
INSERT	61_Отметки высоты поверхности	P10=2229334.396,460310.49,78.377	NAME=g5_330	V70=0
INSERT	61_Отметки высоты поверхности	P10=2229338.302,460309.72,78.872	NAME=g5_330	V70=0
INSERT	61_Отметки высоты поверхности	P10=2229335.064,460312.729,78.677	NAME=g5_330	V70=0
INSERT	61_Отметки высоты поверхности	P10=2229336.919,460315.788,79.216	NAME=g5_330	V70=0
INSERT	61_Отметки высоты поверхности	P10=2229340.43,460314.238,79.547	NAME=g5_330	V70=0
INSERT	61_Отметки высоты поверхности	P10=2229338.541,460319.909,79.719	NAME=g5_330	V70=0
INSERT	61_Отметки высоты поверхности	P10=2229358.152,460323.77,81.416	NAME=g5_330	V70=0
INSERT	61_Отметки высоты поверхности	P10=2229357.529,460319.678,81.392	NAME=g5_330	V70=0
INSERT	61_Отметки высоты поверхности	P10=2229357.231,460315.348,81.251	NAME=g5_330	V70=0
INSERT	61_Отметки высоты поверхности	P10=2229364.924,460325.459,81.969	NAME=g5_330	V70=0
INSERT	61_Отметки высоты поверхности	P10=2229370.63,460325.107,82.452	NAME=g5_330	V70=0
INSERT	61_Отметки высоты поверхности	P10=2229370.045,460311.26,82.6	NAME=g5_330	V70=0
INSERT	61_Отметки высоты поверхности	P10=2229373.318,460310.472,83.08	NAME=g5_330	V70=0
INSERT	61_Отметки высоты поверхности	P10=2229375.848,460309.442,83.404	NAME=g5_330	V70=0
INSERT	61_Отметки высоты поверхности	P10=2229375.372,460312.33,83.219	NAME=g5_330	V70=0
INSERT	61_Отметки высоты поверхности	P10=2229377.291,460315.706,83.367	NAME=g5_330	V70=0
INSERT	61_Отметки высоты поверхности	P10=2229373.754,460319.225,82.878	NAME=g5_330	V70=0
INSERT	61_Отметки высоты поверхности	P10=2229374.091,460324.142,82.847	NAME=g5_330	V70=0
INSERT	61_Отметки высоты поверхности	P10=2229378,460323.481,83.448	NAME=g5_330	V70=0
INSERT	61_Отметки высоты поверхности	P10=2229377.583,460321.259,83.353	NAME=g5_330	V70=0
INSERT	61_Отметки высоты поверхности	P10=2229379.339,460317.169,83.569	NAME=g5_330	V70=0
INSERT	61_Отметки высоты поверхности	P10=2229381.002,460320.44,83.821	NAME=g5_330	V70=0
INSERT	61_Отметки высоты поверхности	P10=2229382.225,460323.226,84.105	NAME=g5_330	V70=0
INSERT	61_Отметки высоты поверхности	P10=2229384.646,460323.663,84.421	NAME=g5_330	V70=0
INSERT	61_Отметки высоты поверхности	P10=2229389.552,460319.936,84.832	NAME=g5_330	V70=0
INSERT	61_Отметки высоты поверхности	P10=2229388.18,460317.212,84.479	NAME=g5_330	V70=0
INSERT	61_Отметки высоты поверхности	P10=2229382.275,460315.731,83.762	NAME=g5_330	V70=0
INSERT	61_Отметки высоты поверхности	P10=2229388.077,460309.942,84.295	NAME=g5_330	V70=0
INSERT	61_Отметки высоты поверхности	P10=2229387.622,460306.585,84.304	NAME=g5_330	V70=0
INSERT	61_Отметки высоты поверхности	P10=2229384.186,460307.188,84.097	NAME=g5_330	V70=0
INSERT	61_Отметки высоты поверхности	P10=2229382.42,460304.553,84.154	NAME=g5_330	V70=0
INSERT	61_Отметки высоты поверхности	P10=2229377.12,460307.281,83.67	NAME=g5_330	V70=0
INSERT	61_Отметки высоты поверхности	P10=2229378.561,460312.221,83.601	NAME=g5_330	V70=0
INSERT	61_Отметки высоты поверхности	P10=2229375.131,460307.343,83.381	NAME=g5_330	V70=0
INSERT	61_Отметки высоты поверхности	P10=2229376.652,460302.948,83.783	NAME=g5_330	V70=0
MTEXT	Обозначения	P10=2229399.302,460321.194,0	P11=0.218,0.976,0	TXT=щебень	V40=0.4
MTEXT	Обозначения	P10=2229392.18,460290.644,0	P11=0.218,0.976,0	TXT=щебень	V40=0.4
LWPOLYLINE	0	P10=2229402.068,460324.281,0	P10=2229399.208,460312.88,0	P10=2229396.524,460301.07,0	P10=2229393.736,460288.75,0	V40=0	V70=0
LWPOLYLINE	0	P10=2229390.576,460289.251,0	P10=2229393.457,460302.174,0	P10=2229396.225,460313.492,0	P10=2229398.647,460324.399,0	V40=0	V70=0
INSERT	07_Объекты электропередачи	P10=2229399.762,460336.229,83.623	NAME=G5_115_2	V70=0
INSERT	07_Объекты электропередачи	P10=2229399.762,460336.23,84.337	NAME=g5_108a	V70=0
INSERT	07_Объекты электропередачи	P10=2229399.762,460336.229,83.623	NAME=G5_115_2	V70=0
LWPOLYLINE	38_Кабели высокого напряжения	P10=2229388.145,460290.628,0	P10=2229399.762,460336.229,0	V40=0	V70=128
INSERT	07_Объекты электропередачи	P10=2229388.145,460290.627,83.623	NAME=G5_115_2	V70=0
INSERT	07_Объекты электропередачи	P10=2229388.145,460290.628,84.337	NAME=g5_108a	V70=0
INSERT	07_Объекты электропередачи	P10=2229388.145,460290.627,83.623	NAME=G5_115_2	V70=0
LWPOLYLINE	0	P10=2229323.585,460308.183,0	P10=2229323.33,460306.467,0	V40=0	V70=0
LWPOLYLINE	0	P10=2229329.449,460336.804,0	P10=2229329.363,460335.73,0	P10=2229326.853,460334.789,0	P10=2229325.795,460329.436,0	P10=2229323.849,460312.515,0	P10=2229323.736,460309.199,0	V40=0	V70=0
LWPOLYLINE	0	P10=2229387.937,460296.22,0	P10=2229389.418,460302.165,0	P10=2229390.815,460307.705,0	P10=2229391.62,460310.994,0	V40=0	V70=0
TEXT	61_Отметки высоты поверхности	P10=2229376.756,460302.888,83.783	P11=0,0,83.783	TXT=83.78	V40=0.4
TEXT	61_Отметки высоты поверхности	P10=2229375.235,460307.283,83.381	P11=0,0,83.381	TXT=83.38	V40=0.4
TEXT	61_Отметки высоты поверхности	P10=2229378.665,460312.161,83.601	P11=0,0,83.601	TXT=83.60	V40=0.4
TEXT	61_Отметки высоты поверхности	P10=2229377.224,460307.221,83.67	P11=0,0,83.67	TXT=83.67	V40=0.4
TEXT	61_Отметки высоты поверхности	P10=2229382.524,460304.493,84.154	P11=0,0,84.154	TXT=84.15	V40=0.4
TEXT	61_Отметки высоты поверхности	P10=2229384.29,460307.128,84.097	P11=0,0,84.097	TXT=84.10	V40=0.4
TEXT	61_Отметки высоты поверхности	P10=2229387.726,460306.525,84.304	P11=0,0,84.304	TXT=84.30	V40=0.4
TEXT	61_Отметки высоты поверхности	P10=2229388.181,460309.882,84.295	P11=0,0,84.295	TXT=84.30	V40=0.4
TEXT	61_Отметки высоты поверхности	P10=2229382.379,460315.671,83.762	P11=0,0,83.762	TXT=83.76	V40=0.4
TEXT	61_Отметки высоты поверхности	P10=2229388.104,460317.435,84.479	P11=0,0,84.479	TXT=84.48	V40=0.4
TEXT	61_Отметки высоты поверхности	P10=2229389.656,460319.876,84.832	P11=0,0,84.832	TXT=84.83	V40=0.4
TEXT	61_Отметки высоты поверхности	P10=2229384.75,460323.603,84.421	P11=0,0,84.421	TXT=84.42	V40=0.4
TEXT	61_Отметки высоты поверхности	P10=2229382.329,460323.166,84.105	P11=0,0,84.105	TXT=84.11	V40=0.4
TEXT	61_Отметки высоты поверхности	P10=2229381.106,460320.38,83.821	P11=0,0,83.821	TXT=83.82	V40=0.4
TEXT	61_Отметки высоты поверхности	P10=2229379.443,460317.109,83.569	P11=0,0,83.569	TXT=83.57	V40=0.4
TEXT	61_Отметки высоты поверхности	P10=2229377.687,460321.199,83.353	P11=0,0,83.353	TXT=83.35	V40=0.4
TEXT	61_Отметки высоты поверхности	P10=2229378.104,460323.421,83.448	P11=0,0,83.448	TXT=83.45	V40=0.4
TEXT	61_Отметки высоты поверхности	P10=2229374.195,460324.082,82.847	P11=0,0,82.847	TXT=82.85	V40=0.4
TEXT	61_Отметки высоты поверхности	P10=2229373.858,460319.165,82.878	P11=0,0,82.878	TXT=82.88	V40=0.4
TEXT	61_Отметки высоты поверхности	P10=2229377.395,460315.646,83.367	P11=0,0,83.367	TXT=83.37	V40=0.4
TEXT	61_Отметки высоты поверхности	P10=2229375.215,460312.603,83.219	P11=0,0,83.219	TXT=83.22	V40=0.4
TEXT	61_Отметки высоты поверхности	P10=2229375.952,460309.382,83.404	P11=0,0,83.404	TXT=83.40	V40=0.4
TEXT	61_Отметки высоты поверхности	P10=2229373.422,460310.412,83.08	P11=0,0,83.08	TXT=83.08	V40=0.4
TEXT	61_Отметки высоты поверхности	P10=2229370.149,460311.2,82.6	P11=0,0,82.6	TXT=82.60	V40=0.4
TEXT	61_Отметки высоты поверхности	P10=2229370.734,460325.047,82.452	P11=0,0,82.452	TXT=82.45	V40=0.4
TEXT	61_Отметки высоты поверхности	P10=2229365.028,460325.399,81.969	P11=0,0,81.969	TXT=81.97	V40=0.4
TEXT	61_Отметки высоты поверхности	P10=2229357.335,460315.288,81.251	P11=0,0,81.251	TXT=81.25	V40=0.4
TEXT	61_Отметки высоты поверхности	P10=2229357.633,460319.618,81.392	P11=0,0,81.392	TXT=81.39	V40=0.4
TEXT	61_Отметки высоты поверхности	P10=2229358.256,460323.71,81.416	P11=0,0,81.416	TXT=81.42	V40=0.4
TEXT	61_Отметки высоты поверхности	P10=2229338.645,460319.849,79.719	P11=0,0,79.719	TXT=79.72	V40=0.4
TEXT	61_Отметки высоты поверхности	P10=2229340.534,460314.178,79.547	P11=0,0,79.547	TXT=79.55	V40=0.4
TEXT	61_Отметки высоты поверхности	P10=2229337.023,460315.728,79.216	P11=0,0,79.216	TXT=79.22	V40=0.4
TEXT	61_Отметки высоты поверхности	P10=2229335.168,460312.669,78.677	P11=0,0,78.677	TXT=78.68	V40=0.4
TEXT	61_Отметки высоты поверхности	P10=2229338.406,460309.66,78.872	P11=0,0,78.872	TXT=78.87	V40=0.4
TEXT	61_Отметки высоты поверхности	P10=2229334.5,460310.43,78.377	P11=0,0,78.377	TXT=78.38	V40=0.4
TEXT	61_Отметки высоты поверхности	P10=2229338.131,460305.798,78.415	P11=0,0,78.415	TXT=78.42	V40=0.4
TEXT	61_Отметки высоты поверхности	P10=2229334.726,460306.322,77.929	P11=0,0,77.929	TXT=77.93	V40=0.4
TEXT	61_Отметки высоты поверхности	P10=2229323.434,460306.407,76.48	P11=0,0,76.48	TXT=76.48	V40=0.4
TEXT	61_Отметки высоты поверхности	P10=2229323.675,460308.528,76.772	P11=0,0,76.772	TXT=76.77	V40=0.4
TEXT	61_Отметки высоты поверхности	P10=2229324.762,460309.28,77.003	P11=0,0,77.003	TXT=77.00	V40=0.4
TEXT	61_Отметки высоты поверхности	P10=2229326.855,460308.713,77.24	P11=0,0,77.24	TXT=77.24	V40=0.4
TEXT	61_Отметки высоты поверхности	P10=2229327.951,460308.2,77.303	P11=0,0,77.303	TXT=77.30	V40=0.4
TEXT	61_Отметки высоты поверхности	P10=2229331.054,460306.962,77.636	P11=0,0,77.636	TXT=77.64	V40=0.4
TEXT	61_Отметки высоты поверхности	P10=2229329.757,460310.007,77.818	P11=0,0,77.818	TXT=77.82	V40=0.4
TEXT	61_Отметки высоты поверхности	P10=2229333.145,460310.158,78.213	P11=0,0,78.213	TXT=78.21	V40=0.4
TEXT	61_Отметки высоты поверхности	P10=2229329.382,460312.073,77.97	P11=0,0,77.97	TXT=77.97	V40=0.4
TEXT	61_Отметки высоты поверхности	P10=2229323.953,460312.455,77.207	P11=0,0,77.207	TXT=77.21	V40=0.4
TEXT	61_Отметки высоты поверхности	P10=2229328.192,460314.389,78.108	P11=0,0,78.108	TXT=78.11	V40=0.4
TEXT	61_Отметки высоты поверхности	P10=2229330.456,460314.573,78.361	P11=0,0,78.361	TXT=78.36	V40=0.4
TEXT	61_Отметки высоты поверхности	P10=2229332.384,460314.435,78.613	P11=0,0,78.613	TXT=78.61	V40=0.4
TEXT	61_Отметки высоты поверхности	P10=2229328.369,460316.784,78.591	P11=0,0,78.591	TXT=78.59	V40=0.4
TEXT	61_Отметки высоты поверхности	P10=2229331.695,460316.677,78.797	P11=0,0,78.797	TXT=78.80	V40=0.4
TEXT	61_Отметки высоты поверхности	P10=2229329.718,460318.25,78.783	P11=0,0,78.783	TXT=78.78	V40=0.4
TEXT	61_Отметки высоты поверхности	P10=2229332.292,460319.627,79.176	P11=0,0,79.176	TXT=79.18	V40=0.4
TEXT	61_Отметки высоты поверхности	P10=2229330.175,460321.071,78.996	P11=0,0,78.996	TXT=79.00	V40=0.4
TEXT	61_Отметки высоты поверхности	P10=2229331.573,460322.297,79.337	P11=0,0,79.337	TXT=79.34	V40=0.4
TEXT	61_Отметки высоты поверхности	P10=2229333.095,460322.841,79.548	P11=0,0,79.548	TXT=79.55	V40=0.4
TEXT	61_Отметки высоты поверхности	P10=2229335.608,460323.673,79.84	P11=0,0,79.84	TXT=79.84	V40=0.4
TEXT	61_Отметки высоты поверхности	P10=2229333.675,460324.864,79.745	P11=0,0,79.745	TXT=79.75	V40=0.4
TEXT	61_Отметки высоты поверхности	P10=2229334.423,460327.583,80.085	P11=0,0,80.085	TXT=80.09	V40=0.4
TEXT	61_Отметки высоты поверхности	P10=2229332.648,460328.237,80.088	P11=0,0,80.088	TXT=80.09	V40=0.4
TEXT	61_Отметки высоты поверхности	P10=2229329.917,460327.852,79.722	P11=0,0,79.722	TXT=79.72	V40=0.4
TEXT	61_Отметки высоты поверхности	P10=2229328.765,460328.914,79.763	P11=0,0,79.763	TXT=79.76	V40=0.4
TEXT	61_Отметки высоты поверхности	P10=2229327.679,460330.42,79.803	P11=0,0,79.803	TXT=79.80	V40=0.4
TEXT	61_Отметки высоты поверхности	P10=2229326.113,460330.924,79.626	P11=0,0,79.626	TXT=79.63	V40=0.4
TEXT	61_Отметки высоты поверхности	P10=2229325.899,460329.376,79.661	P11=0,0,79.661	TXT=79.66	V40=0.4
TEXT	61_Отметки высоты поверхности	P10=2229326.957,460334.729,79.952	P11=0,0,79.952	TXT=79.95	V40=0.4
TEXT	61_Отметки высоты поверхности	P10=2229329.553,460336.744,80.52	P11=0,0,80.52	TXT=80.52	V40=0.4
TEXT	61_Отметки высоты поверхности	P10=2229329.467,460335.67,80.395	P11=0,0,80.395	TXT=80.40	V40=0.4
TEXT	61_Отметки высоты поверхности	P10=2229328.59,460331.897,80.034	P11=0,0,80.034	TXT=80.03	V40=0.4
TEXT	61_Отметки высоты поверхности	P10=2229329.713,460334.687,80.284	P11=0,0,80.284	TXT=80.28	V40=0.4
TEXT	61_Отметки высоты поверхности	P10=2229330.864,460330.647,80.067	P11=0,0,80.067	TXT=80.07	V40=0.4
TEXT	61_Отметки высоты поверхности	P10=2229333.775,460333.673,80.534	P11=0,0,80.534	TXT=80.53	V40=0.4
TEXT	61_Отметки высоты поверхности	P10=2229334.773,460331.126,80.393	P11=0,0,80.393	TXT=80.39	V40=0.4
TEXT	61_Отметки высоты поверхности	P10=2229335.496,460328.005,80.171	P11=0,0,80.171	TXT=80.17	V40=0.4
TEXT	61_Отметки высоты поверхности	P10=2229338.709,460324.364,80.127	P11=0,0,80.127	TXT=80.13	V40=0.4
TEXT	61_Отметки высоты поверхности	P10=2229337.398,460327.9,80.309	P11=0,0,80.309	TXT=80.31	V40=0.4
TEXT	61_Отметки высоты поверхности	P10=2229337.505,460331.665,80.627	P11=0,0,80.627	TXT=80.63	V40=0.4
TEXT	61_Отметки высоты поверхности	P10=2229352.956,460326.557,81.12	P11=0,0,81.12	TXT=81.12	V40=0.4
TEXT	61_Отметки высоты поверхности	P10=2229349.266,460327.985,81.033	P11=0,0,81.033	TXT=81.03	V40=0.4
TEXT	61_Отметки высоты поверхности	P10=2229349.004,460329.683,81.086	P11=0,0,81.086	TXT=81.09	V40=0.4
TEXT	61_Отметки высоты поверхности	P10=2229345.775,460329.577,80.964	P11=0,0,80.964	TXT=80.96	V40=0.4
TEXT	61_Отметки высоты поверхности	P10=2229342.919,460330.89,80.942	P11=0,0,80.942	TXT=80.94	V40=0.4
TEXT	61_Отметки высоты поверхности	P10=2229342.781,460328.005,80.699	P11=0,0,80.699	TXT=80.70	V40=0.4
TEXT	61_Отметки высоты поверхности	P10=2229342.41,460323.706,80.338	P11=0,0,80.338	TXT=80.34	V40=0.4
TEXT	61_Отметки высоты поверхности	P10=2229346.231,460324.277,80.66	P11=0,0,80.66	TXT=80.66	V40=0.4
TEXT	61_Отметки высоты поверхности	P10=2229350.881,460322.855,80.96	P11=0,0,80.96	TXT=80.96	V40=0.4
TEXT	61_Отметки высоты поверхности	P10=2229348.967,460319.312,80.748	P11=0,0,80.748	TXT=80.75	V40=0.4
TEXT	61_Отметки высоты поверхности	P10=2229344.489,460318.98,80.288	P11=0,0,80.288	TXT=80.29	V40=0.4
TEXT	61_Отметки высоты поверхности	P10=2229344.656,460314.735,80.018	P11=0,0,80.018	TXT=80.02	V40=0.4
TEXT	61_Отметки высоты поверхности	P10=2229347.366,460314.703,80.449	P11=0,0,80.449	TXT=80.45	V40=0.4
TEXT	61_Отметки высоты поверхности	P10=2229351.11,460314.994,80.638	P11=0,0,80.638	TXT=80.64	V40=0.4
TEXT	61_Отметки высоты поверхности	P10=2229351.114,460309.485,80.334	P11=0,0,80.334	TXT=80.33	V40=0.4
TEXT	61_Отметки высоты поверхности	P10=2229347.319,460309.802,79.923	P11=0,0,79.923	TXT=79.92	V40=0.4
TEXT	61_Отметки высоты поверхности	P10=2229342.506,460309.576,79.418	P11=0,0,79.418	TXT=79.42	V40=0.4
TEXT	61_Отметки высоты поверхности	P10=2229342.126,460307.573,79.184	P11=0,0,79.184	TXT=79.18	V40=0.4
TEXT	61_Отметки высоты поверхности	P10=2229343.386,460306.553,79.213	P11=0,0,79.213	TXT=79.21	V40=0.4
TEXT	61_Отметки высоты поверхности	P10=2229345.996,460306.647,79.59	P11=0,0,79.59	TXT=79.59	V40=0.4
TEXT	61_Отметки высоты поверхности	P10=2229348.879,460306.837,79.901	P11=0,0,79.901	TXT=79.90	V40=0.4
TEXT	61_Отметки высоты поверхности	P10=2229355.966,460305.403,80.693	P11=0,0,80.693	TXT=80.69	V40=0.4
TEXT	61_Отметки высоты поверхности	P10=2229352.388,460304.955,80.232	P11=0,0,80.232	TXT=80.23	V40=0.4
TEXT	61_Отметки высоты поверхности	P10=2229353.478,460309.356,80.68	P11=0,0,80.68	TXT=80.68	V40=0.4
TEXT	61_Отметки высоты поверхности	P10=2229354.067,460312.066,80.86	P11=0,0,80.86	TXT=80.86	V40=0.4
TEXT	61_Отметки высоты поверхности	P10=2229354.216,460315.593,80.978	P11=0,0,80.978	TXT=80.98	V40=0.4
TEXT	61_Отметки высоты поверхности	P10=2229354.77,460320.025,81.238	P11=0,0,81.238	TXT=81.24	V40=0.4
TEXT	61_Отметки высоты поверхности	P10=2229355.587,460323.569,81.247	P11=0,0,81.247	TXT=81.25	V40=0.4
TEXT	61_Отметки высоты поверхности	P10=2229356.306,460326.479,81.364	P11=0,0,81.364	TXT=81.36	V40=0.4
TEXT	61_Отметки высоты поверхности	P10=2229356.018,460328.092,81.323	P11=0,0,81.323	TXT=81.32	V40=0.4
TEXT	61_Отметки высоты поверхности	P10=2229358.176,460328.455,81.531	P11=0,0,81.531	TXT=81.53	V40=0.4
TEXT	61_Отметки высоты поверхности	P10=2229369.193,460325.632,82.348	P11=0,0,82.348	TXT=82.35	V40=0.4
TEXT	61_Отметки высоты поверхности	P10=2229365.283,460326.932,81.932	P11=0,0,81.932	TXT=81.93	V40=0.4
TEXT	61_Отметки высоты поверхности	P10=2229362.837,460329.571,81.929	P11=0,0,81.929	TXT=81.93	V40=0.4
TEXT	61_Отметки высоты поверхности	P10=2229361.378,460327.662,81.736	P11=0,0,81.736	TXT=81.74	V40=0.4
TEXT	61_Отметки высоты поверхности	P10=2229360.459,460323.548,81.614	P11=0,0,81.614	TXT=81.61	V40=0.4
TEXT	61_Отметки высоты поверхности	P10=2229363.868,460323.145,81.873	P11=0,0,81.873	TXT=81.87	V40=0.4
TEXT	61_Отметки высоты поверхности	P10=2229362.107,460304.836,81.624	P11=0,0,81.624	TXT=81.62	V40=0.4
TEXT	61_Отметки высоты поверхности	P10=2229379.444,460314.822,83.494	P11=0,0,83.494	TXT=83.49	V40=0.4
TEXT	61_Отметки высоты поверхности	P10=2229379.912,460309.453,83.776	P11=0,0,83.776	TXT=83.78	V40=0.4
TEXT	61_Отметки высоты поверхности	P10=2229376.032,460315.026,83.252	P11=0,0,83.252	TXT=83.25	V40=0.4
TEXT	61_Отметки высоты поверхности	P10=2229376.666,460317.6,83.264	P11=0,0,83.264	TXT=83.26	V40=0.4
TEXT	61_Отметки высоты поверхности	P10=2229378.075,460319.155,83.528	P11=0,0,83.528	TXT=83.53	V40=0.4
TEXT	61_Отметки высоты поверхности	P10=2229381.721,460318.169,83.858	P11=0,0,83.858	TXT=83.86	V40=0.4
TEXT	61_Отметки высоты поверхности	P10=2229384.111,460315.521,84.013	P11=0,0,84.013	TXT=84.01	V40=0.4
TEXT	61_Отметки высоты поверхности	P10=2229384.299,460312.117,84.008	P11=0,0,84.008	TXT=84.01	V40=0.4
TEXT	61_Отметки высоты поверхности	P10=2229383.586,460309.717,84.04	P11=0,0,84.04	TXT=84.04	V40=0.4
TEXT	61_Отметки высоты поверхности	P10=2229384.122,460305.736,84.127	P11=0,0,84.127	TXT=84.13	V40=0.4
TEXT	61_Отметки высоты поверхности	P10=2229382.619,460301.387,84.098	P11=0,0,84.098	TXT=84.10	V40=0.4
TEXT	61_Отметки высоты поверхности	P10=2229381.897,460298.463,84.163	P11=0,0,84.163	TXT=84.16	V40=0.4
TEXT	61_Отметки высоты поверхности	P10=2229382.519,460303.206,84.125	P11=0,0,84.125	TXT=84.13	V40=0.4
TEXT	61_Отметки высоты поверхности	P10=2229381.981,460307.498,83.98	P11=0,0,83.98	TXT=83.98	V40=0.4
TEXT	61_Отметки высоты поверхности	P10=2229378.97,460304.996,83.945	P11=0,0,83.945	TXT=83.94	V40=0.4
TEXT	61_Отметки высоты поверхности	P10=2229376.75,460305.443,83.703	P11=0,0,83.703	TXT=83.70	V40=0.4
TEXT	61_Отметки высоты поверхности	P10=2229376.57,460300.162,83.744	P11=0,0,83.744	TXT=83.74	V40=0.4
TEXT	61_Отметки высоты поверхности	P10=2229373.697,460300.933,83.541	P11=0,0,83.541	TXT=83.54	V40=0.4
TEXT	61_Отметки высоты поверхности	P10=2229373.184,460301.743,83.498	P11=0,0,83.498	TXT=83.50	V40=0.4
TEXT	61_Отметки высоты поверхности	P10=2229370.461,460302.576,83.094	P11=0,0,83.094	TXT=83.09	V40=0.4
TEXT	61_Отметки высоты поверхности	P10=2229371.857,460300.711,83.417	P11=0,0,83.417	TXT=83.42	V40=0.4
TEXT	61_Отметки высоты поверхности	P10=2229371.483,460303.997,83.036	P11=0,0,83.036	TXT=83.04	V40=0.4
TEXT	61_Отметки высоты поверхности	P10=2229371.827,460307.742,83.12	P11=0,0,83.12	TXT=83.12	V40=0.4
TEXT	61_Отметки высоты поверхности	P10=2229369.288,460302.881,82.86	P11=0,0,82.86	TXT=82.86	V40=0.4
TEXT	61_Отметки высоты поверхности	P10=2229367.237,460303.219,82.754	P11=0,0,82.754	TXT=82.75	V40=0.4
TEXT	61_Отметки высоты поверхности	P10=2229367.311,460306.435,82.508	P11=0,0,82.508	TXT=82.51	V40=0.4
TEXT	61_Отметки высоты поверхности	P10=2229370.552,460306.013,82.901	P11=0,0,82.901	TXT=82.90	V40=0.4
TEXT	61_Отметки высоты поверхности	P10=2229369.251,460308.97,82.498	P11=0,0,82.498	TXT=82.50	V40=0.4
TEXT	61_Отметки высоты поверхности	P10=2229372.594,460309.127,83.081	P11=0,0,83.081	TXT=83.08	V40=0.4
TEXT	61_Отметки высоты поверхности	P10=2229370.059,460312.905,82.575	P11=0,0,82.575	TXT=82.58	V40=0.4
TEXT	61_Отметки высоты поверхности	P10=2229373.046,460312.629,83.038	P11=0,0,83.038	TXT=83.04	V40=0.4
TEXT	61_Отметки высоты поверхности	P10=2229374.993,460317.024,83.046	P11=0,0,83.046	TXT=83.05	V40=0.4
TEXT	61_Отметки высоты поверхности	P10=2229371.875,460320.655,82.509	P11=0,0,82.509	TXT=82.51	V40=0.4
TEXT	61_Отметки высоты поверхности	P10=2229376.373,460320.4,83.09	P11=0,0,83.09	TXT=83.09	V40=0.4
TEXT	61_Отметки высоты поверхности	P10=2229375.058,460322.154,82.961	P11=0,0,82.961	TXT=82.96	V40=0.4
TEXT	61_Отметки высоты поверхности	P10=2229372.959,460324.822,82.739	P11=0,0,82.739	TXT=82.74	V40=0.4
TEXT	61_Отметки высоты поверхности	P10=2229380.299,460323.714,83.807	P11=0,0,83.807	TXT=83.81	V40=0.4
TEXT	61_Отметки высоты поверхности	P10=2229384.902,460318.06,84.105	P11=0,0,84.105	TXT=84.11	V40=0.4
TEXT	61_Отметки высоты поверхности	P10=2229385.609,460321.404,84.477	P11=0,0,84.477	TXT=84.48	V40=0.4
TEXT	61_Отметки высоты поверхности	P10=2229394.051,460320.357,85.354	P11=0,0,85.354	TXT=85.35	V40=0.4
TEXT	61_Отметки высоты поверхности	P10=2229393.52,460321.482,85.339	P11=0,0,85.339	TXT=85.34	V40=0.4
TEXT	61_Отметки высоты поверхности	P10=2229393.015,460320.696,85.295	P11=0,0,85.295	TXT=85.30	V40=0.4
TEXT	61_Отметки высоты поверхности	P10=2229387.584,460320.429,84.643	P11=0,0,84.643	TXT=84.64	V40=0.4
TEXT	61_Отметки высоты поверхности	P10=2229389.955,460317.295,84.698	P11=0,0,84.698	TXT=84.70	V40=0.4
TEXT	61_Отметки высоты поверхности	P10=2229392.676,460314.835,84.796	P11=0,0,84.796	TXT=84.80	V40=0.4
TEXT	61_Отметки высоты поверхности	P10=2229388.422,460312.519,84.345	P11=0,0,84.345	TXT=84.35	V40=0.4
TEXT	61_Отметки высоты поверхности	P10=2229391.724,460310.934,84.545	P11=0,0,84.545	TXT=84.55	V40=0.4
TEXT	61_Отметки высоты поверхности	P10=2229387.214,460308.558,84.227	P11=0,0,84.227	TXT=84.23	V40=0.4
TEXT	61_Отметки высоты поверхности	P10=2229390.919,460307.645,84.51	P11=0,0,84.51	TXT=84.51	V40=0.4
TEXT	61_Отметки высоты поверхности	P10=2229389.522,460302.105,84.498	P11=0,0,84.498	TXT=84.50	V40=0.4
TEXT	61_Отметки высоты поверхности	P10=2229386.111,460301.774,84.239	P11=0,0,84.239	TXT=84.24	V40=0.4
TEXT	61_Отметки высоты поверхности	P10=2229385.805,460297.041,84.266	P11=0,0,84.266	TXT=84.27	V40=0.4
TEXT	61_Отметки высоты поверхности	P10=2229388.041,460296.16,84.43	P11=0,0,84.43	TXT=84.43	V40=0.4
TEXT	61_Отметки высоты поверхности	P10=2229402.172,460324.221,85.444	P11=0,0,85.444	TXT=85.44	V40=0.4
TEXT	61_Отметки высоты поверхности	P10=2229398.751,460324.339,85.431	P11=0,0,85.431	TXT=85.43	V40=0.4
TEXT	61_Отметки высоты поверхности	P10=2229399.312,460312.82,85.283	P11=0,0,85.283	TXT=85.28	V40=0.4
TEXT	61_Отметки высоты поверхности	P10=2229396.329,460313.432,85.272	P11=0,0,85.272	TXT=85.27	V40=0.4
TEXT	61_Отметки высоты поверхности	P10=2229393.561,460302.114,84.872	P11=0,0,84.872	TXT=84.87	V40=0.4
TEXT	61_Отметки высоты поверхности	P10=2229396.628,460301.01,84.844	P11=0,0,84.844	TXT=84.84	V40=0.4
TEXT	61_Отметки высоты поверхности	P10=2229393.84,460288.69,84.391	P11=0,0,84.391	TXT=84.39	V40=0.4
TEXT	61_Отметки высоты поверхности	P10=2229390.68,460289.191,84.387	P11=0,0,84.387	TXT=84.39	V40=0.4
LWPOLYLINE	граница	P10=2229388.71,460322.89,0	P10=2229393.499,460321.974,0	V40=0	V70=0
LWPOLYLINE	граница	P10=2229382.78,460298.6,0	P10=2229388.282,460297.57,0	V40=0	V70=0
LWPOLYLINE	граница	P10=2229339.54,460306.69,0	P10=2229323.817,460309.632,0	V40=0	V70=0
LWPOLYLINE	граница	P10=2229345.47,460331.04,0	P10=2229326.797,460334.56,0	V40=0	V70=0
LINE	граница	P10=2229345.47,460331.04,0	P11=2229388.71,460322.89,0
TEXT	61_Отметки высоты поверхности	P10=2229388.701,460301.722,81.039	P11=0,0,81.039	TXT=ГРПШ	V40=0.4
LWPOLYLINE	0	P10=2229389.129,460302.961,0	P10=2229389.365,460302.879,0	V40=0	V70=0
LWPOLYLINE	0	P10=2229389.146,460302.23,0	P10=2229389.365,460302.879,0	V40=0	V70=0
LWPOLYLINE	0	P10=2229389.129,460302.961,0	P10=2229388.91,460302.312,0	P10=2229389.146,460302.23,0	V40=0	V70=0
LWPOLYLINE	33_Газопровод	P10=2229360.447,460308.615,0	P10=2229365.326,460307.693,0	P10=2229365.905,460307.113,0	P10=2229368.562,460306.267,0	P10=2229370.72,460305.92,0	P10=2229375.51,460304.585,0	P10=2229378.766,460304.518,0	P10=2229381.427,460304.828,0	P10=2229389.03,460302.666,0	V40=0	V70=128
LWPOLYLINE	PDF _Сваи буровые	P10=2229371.344,460320.378,0	P10=2229371.454,460320.357,0	V40=0	V70=0
LWPOLYLINE	PDF _Сваи буровые	P10=2229371.171,460320.411,0	P10=2229371.24,460320.398,0	V40=0	V70=0
LWPOLYLINE	PDF _Сваи буровые	P10=2229370.807,460320.479,0	P10=2229371.067,460320.43,0	V40=0	V70=0
LWPOLYLINE	PDF _Сваи буровые	P10=2229370.634,460320.512,0	P10=2229370.703,460320.499,0	V40=0	V70=0
LWPOLYLINE	PDF _Сваи буровые	P10=2229370.27,460320.581,0	P10=2229370.53,460320.532,0	V40=0	V70=0
LWPOLYLINE	PDF _Сваи буровые	P10=2229370.096,460320.613,0	P10=2229370.166,460320.6,0	V40=0	V70=0
LWPOLYLINE	PDF _Сваи буровые	P10=2229369.732,460320.682,0	P10=2229369.992,460320.633,0	V40=0	V70=0
LWPOLYLINE	PDF _Сваи буровые	P10=2229369.559,460320.715,0	P10=2229369.628,460320.702,0	V40=0	V70=0
LWPOLYLINE	PDF _Сваи буровые	P10=2229369.195,460320.783,0	P10=2229369.455,460320.734,0	V40=0	V70=0
LWPOLYLINE	PDF _Сваи буровые	P10=2229369.022,460320.816,0	P10=2229369.091,460320.803,0	V40=0	V70=0
LWPOLYLINE	PDF _Сваи буровые	P10=2229368.658,460320.885,0	P10=2229368.918,460320.835,0	V40=0	V70=0
LWPOLYLINE	PDF _Сваи буровые	P10=2229368.484,460320.917,0	P10=2229368.554,460320.904,0	V40=0	V70=0
LWPOLYLINE	PDF _Сваи буровые	P10=2229368.12,460320.986,0	P10=2229368.38,460320.937,0	V40=0	V70=0
LWPOLYLINE	PDF _Сваи буровые	P10=2229367.947,460321.018,0	P10=2229368.016,460321.005,0	V40=0	V70=0
LWPOLYLINE	PDF _Сваи буровые	P10=2229367.583,460321.087,0	P10=2229367.843,460321.038,0	V40=0	V70=0
LWPOLYLINE	PDF _Сваи буровые	P10=2229367.41,460321.12,0	P10=2229367.479,460321.107,0	V40=0	V70=0
LWPOLYLINE	PDF _Сваи буровые	P10=2229367.196,460321.16,0	P10=2229367.305,460321.139,0	V40=0	V70=0
LWPOLYLINE	PDF _Сваи буровые	P10=2229370.335,460315.022,0	P10=2229370.445,460315.002,0	V40=0	V70=0
LWPOLYLINE	PDF _Сваи буровые	P10=2229370.161,460315.055,0	P10=2229370.231,460315.042,0	V40=0	V70=0
LWPOLYLINE	PDF _Сваи буровые	P10=2229369.797,460315.124,0	P10=2229370.057,460315.075,0	V40=0	V70=0
LWPOLYLINE	PDF _Сваи буровые	P10=2229369.624,460315.156,0	P10=2229369.693,460315.143,0	V40=0	V70=0
LWPOLYLINE	PDF _Сваи буровые	P10=2229369.26,460315.225,0	P10=2229369.52,460315.176,0	V40=0	V70=0
LWPOLYLINE	PDF _Сваи буровые	P10=2229369.087,460315.258,0	P10=2229369.156,460315.245,0	V40=0	V70=0
LWPOLYLINE	PDF _Сваи буровые	P10=2229368.723,460315.326,0	P10=2229368.983,460315.277,0	V40=0	V70=0
LWPOLYLINE	PDF _Сваи буровые	P10=2229368.549,460315.359,0	P10=2229368.619,460315.346,0	V40=0	V70=0
LWPOLYLINE	PDF _Сваи буровые	P10=2229368.185,460315.428,0	P10=2229368.445,460315.379,0	V40=0	V70=0
LWPOLYLINE	PDF _Сваи буровые	P10=2229368.012,460315.46,0	P10=2229368.081,460315.447,0	V40=0	V70=0
LWPOLYLINE	PDF _Сваи буровые	P10=2229367.648,460315.529,0	P10=2229367.908,460315.48,0	V40=0	V70=0
LWPOLYLINE	PDF _Сваи буровые	P10=2229367.475,460315.562,0	P10=2229367.544,460315.548,0	V40=0	V70=0
LWPOLYLINE	PDF _Сваи буровые	P10=2229367.111,460315.63,0	P10=2229367.371,460315.581,0	V40=0	V70=0
LWPOLYLINE	PDF _Сваи буровые	P10=2229366.937,460315.663,0	P10=2229367.007,460315.65,0	V40=0	V70=0
LWPOLYLINE	PDF _Сваи буровые	P10=2229366.573,460315.731,0	P10=2229366.833,460315.682,0	V40=0	V70=0
LWPOLYLINE	PDF _Сваи буровые	P10=2229366.4,460315.764,0	P10=2229366.469,460315.751,0	V40=0	V70=0
LWPOLYLINE	PDF _Сваи буровые	P10=2229366.186,460315.804,0	P10=2229366.296,460315.784,0	V40=0	V70=0
LWPOLYLINE	PDF _Сваи буровые	P10=2229370.631,460316.595,0	P10=2229370.741,460316.574,0	V40=0	V70=0
LWPOLYLINE	PDF _Сваи буровые	P10=2229370.458,460316.627,0	P10=2229370.527,460316.614,0	V40=0	V70=0
LWPOLYLINE	PDF _Сваи буровые	P10=2229370.094,460316.696,0	P10=2229370.354,460316.647,0	V40=0	V70=0
LWPOLYLINE	PDF _Сваи буровые	P10=2229369.92,460316.729,0	P10=2229369.99,460316.716,0	V40=0	V70=0
LWPOLYLINE	PDF _Сваи буровые	P10=2229369.556,460316.797,0	P10=2229369.816,460316.748,0	V40=0	V70=0
LWPOLYLINE	PDF _Сваи буровые	P10=2229369.383,460316.83,0	P10=2229369.452,460316.817,0	V40=0	V70=0
LWPOLYLINE	PDF _Сваи буровые	P10=2229369.019,460316.899,0	P10=2229369.279,460316.85,0	V40=0	V70=0
LWPOLYLINE	PDF _Сваи буровые	P10=2229368.846,460316.931,0	P10=2229368.915,460316.918,0	V40=0	V70=0
LWPOLYLINE	PDF _Сваи буровые	P10=2229368.482,460317,0	P10=2229368.742,460316.951,0	V40=0	V70=0
LWPOLYLINE	PDF _Сваи буровые	P10=2229368.308,460317.033,0	P10=2229368.378,460317.02,0	V40=0	V70=0
LWPOLYLINE	PDF _Сваи буровые	P10=2229367.944,460317.101,0	P10=2229368.204,460317.052,0	V40=0	V70=0
LWPOLYLINE	PDF _Сваи буровые	P10=2229367.771,460317.134,0	P10=2229367.84,460317.121,0	V40=0	V70=0
LWPOLYLINE	PDF _Сваи буровые	P10=2229367.407,460317.202,0	P10=2229367.667,460317.153,0	V40=0	V70=0
LWPOLYLINE	PDF _Сваи буровые	P10=2229367.234,460317.235,0	P10=2229367.303,460317.222,0	V40=0	V70=0
LWPOLYLINE	PDF _Сваи буровые	P10=2229366.87,460317.304,0	P10=2229367.13,460317.255,0	V40=0	V70=0
LWPOLYLINE	PDF _Сваи буровые	P10=2229366.696,460317.336,0	P10=2229366.766,460317.323,0	V40=0	V70=0
LWPOLYLINE	PDF _Сваи буровые	P10=2229366.483,460317.377,0	P10=2229366.592,460317.356,0	V40=0	V70=0
LWPOLYLINE	PDF _Сваи буровые	P10=2229370.983,460318.462,0	P10=2229371.093,460318.441,0	V40=0	V70=0
LWPOLYLINE	PDF _Сваи буровые	P10=2229370.81,460318.495,0	P10=2229370.879,460318.481,0	V40=0	V70=0
LWPOLYLINE	PDF _Сваи буровые	P10=2229370.446,460318.563,0	P10=2229370.706,460318.514,0	V40=0	V70=0
LWPOLYLINE	PDF _Сваи буровые	P10=2229370.272,460318.596,0	P10=2229370.342,460318.583,0	V40=0	V70=0
LWPOLYLINE	PDF _Сваи буровые	P10=2229369.908,460318.664,0	P10=2229370.168,460318.615,0	V40=0	V70=0
LWPOLYLINE	PDF _Сваи буровые	P10=2229369.735,460318.697,0	P10=2229369.804,460318.684,0	V40=0	V70=0
LWPOLYLINE	PDF _Сваи буровые	P10=2229369.371,460318.766,0	P10=2229369.631,460318.717,0	V40=0	V70=0
LWPOLYLINE	PDF _Сваи буровые	P10=2229369.198,460318.798,0	P10=2229369.267,460318.785,0	V40=0	V70=0
LWPOLYLINE	PDF _Сваи буровые	P10=2229368.834,460318.867,0	P10=2229369.094,460318.818,0	V40=0	V70=0
LWPOLYLINE	PDF _Сваи буровые	P10=2229368.66,460318.9,0	P10=2229368.73,460318.887,0	V40=0	V70=0
LWPOLYLINE	PDF _Сваи буровые	P10=2229368.296,460318.968,0	P10=2229368.556,460318.919,0	V40=0	V70=0
LWPOLYLINE	PDF _Сваи буровые	P10=2229368.123,460319.001,0	P10=2229368.192,460318.988,0	V40=0	V70=0
LWPOLYLINE	PDF _Сваи буровые	P10=2229367.759,460319.07,0	P10=2229368.019,460319.021,0	V40=0	V70=0
LWPOLYLINE	PDF _Сваи буровые	P10=2229367.586,460319.102,0	P10=2229367.655,460319.089,0	V40=0	V70=0
LWPOLYLINE	PDF _Сваи буровые	P10=2229367.222,460319.171,0	P10=2229367.482,460319.122,0	V40=0	V70=0
LWPOLYLINE	PDF _Сваи буровые	P10=2229367.048,460319.203,0	P10=2229367.118,460319.19,0	V40=0	V70=0
LWPOLYLINE	PDF _Сваи буровые	P10=2229366.834,460319.244,0	P10=2229366.944,460319.223,0	V40=0	V70=0
LWPOLYLINE	PDF _Сваи буровые	P10=2229366.227,460320.783,0	P10=2229366.332,460320.763,0	V40=0	V70=0
LWPOLYLINE	PDF _Сваи буровые	P10=2229366.054,460320.816,0	P10=2229366.123,460320.803,0	V40=0	V70=0
LWPOLYLINE	PDF _Сваи буровые	P10=2229365.69,460320.884,0	P10=2229365.95,460320.835,0	V40=0	V70=0
LWPOLYLINE	PDF _Сваи буровые	P10=2229365.516,460320.917,0	P10=2229365.586,460320.904,0	V40=0	V70=0
LWPOLYLINE	PDF _Сваи буровые	P10=2229365.152,460320.986,0	P10=2229365.412,460320.937,0	V40=0	V70=0
LWPOLYLINE	PDF _Сваи буровые	P10=2229364.979,460321.018,0	P10=2229365.048,460321.005,0	V40=0	V70=0
LWPOLYLINE	PDF _Сваи буровые	P10=2229364.615,460321.087,0	P10=2229364.875,460321.038,0	V40=0	V70=0
LWPOLYLINE	PDF _Сваи буровые	P10=2229364.442,460321.119,0	P10=2229364.511,460321.106,0	V40=0	V70=0
LWPOLYLINE	PDF _Сваи буровые	P10=2229364.078,460321.188,0	P10=2229364.338,460321.139,0	V40=0	V70=0
LWPOLYLINE	PDF _Сваи буровые	P10=2229363.904,460321.221,0	P10=2229363.974,460321.208,0	V40=0	V70=0
LWPOLYLINE	PDF _Сваи буровые	P10=2229363.54,460321.289,0	P10=2229363.8,460321.24,0	V40=0	V70=0
LWPOLYLINE	PDF _Сваи буровые	P10=2229363.367,460321.322,0	P10=2229363.436,460321.309,0	V40=0	V70=0
LWPOLYLINE	PDF _Сваи буровые	P10=2229363.003,460321.391,0	P10=2229363.263,460321.342,0	V40=0	V70=0
LWPOLYLINE	PDF _Сваи буровые	P10=2229362.83,460321.423,0	P10=2229362.899,460321.41,0	V40=0	V70=0
LWPOLYLINE	PDF _Сваи буровые	P10=2229362.466,460321.492,0	P10=2229362.726,460321.443,0	V40=0	V70=0
LWPOLYLINE	PDF _Сваи буровые	P10=2229362.292,460321.525,0	P10=2229362.362,460321.512,0	V40=0	V70=0
LWPOLYLINE	PDF _Сваи буровые	P10=2229361.928,460321.593,0	P10=2229362.188,460321.544,0	V40=0	V70=0
LWPOLYLINE	PDF _Сваи буровые	P10=2229361.755,460321.626,0	P10=2229361.824,460321.613,0	V40=0	V70=0
LWPOLYLINE	PDF _Сваи буровые	P10=2229361.391,460321.695,0	P10=2229361.651,460321.646,0	V40=0	V70=0
LWPOLYLINE	PDF _Сваи буровые	P10=2229361.218,460321.727,0	P10=2229361.287,460321.714,0	V40=0	V70=0
LWPOLYLINE	PDF _Сваи буровые	P10=2229361.009,460321.767,0	P10=2229361.114,460321.747,0	V40=0	V70=0
LWPOLYLINE	PDF _Сваи буровые	P10=2229365.894,460319.014,0	P10=2229365.999,460318.994,0	V40=0	V70=0
LWPOLYLINE	PDF _Сваи буровые	P10=2229365.72,460319.047,0	P10=2229365.79,460319.034,0	V40=0	V70=0
LWPOLYLINE	PDF _Сваи буровые	P10=2229365.356,460319.115,0	P10=2229365.616,460319.066,0	V40=0	V70=0
LWPOLYLINE	PDF _Сваи буровые	P10=2229365.183,460319.148,0	P10=2229365.252,460319.135,0	V40=0	V70=0
LWPOLYLINE	PDF _Сваи буровые	P10=2229364.819,460319.217,0	P10=2229365.079,460319.168,0	V40=0	V70=0
LWPOLYLINE	PDF _Сваи буровые	P10=2229364.646,460319.249,0	P10=2229364.715,460319.236,0	V40=0	V70=0
LWPOLYLINE	PDF _Сваи буровые	P10=2229364.282,460319.318,0	P10=2229364.542,460319.269,0	V40=0	V70=0
LWPOLYLINE	PDF _Сваи буровые	P10=2229364.108,460319.351,0	P10=2229364.178,460319.338,0	V40=0	V70=0
LWPOLYLINE	PDF _Сваи буровые	P10=2229363.744,460319.419,0	P10=2229364.004,460319.37,0	V40=0	V70=0
LWPOLYLINE	PDF _Сваи буровые	P10=2229363.571,460319.452,0	P10=2229363.64,460319.439,0	V40=0	V70=0
LWPOLYLINE	PDF _Сваи буровые	P10=2229363.207,460319.521,0	P10=2229363.467,460319.472,0	V40=0	V70=0
LWPOLYLINE	PDF _Сваи буровые	P10=2229363.034,460319.553,0	P10=2229363.103,460319.54,0	V40=0	V70=0
LWPOLYLINE	PDF _Сваи буровые	P10=2229362.67,460319.622,0	P10=2229362.93,460319.573,0	V40=0	V70=0
LWPOLYLINE	PDF _Сваи буровые	P10=2229362.496,460319.655,0	P10=2229362.566,460319.641,0	V40=0	V70=0
LWPOLYLINE	PDF _Сваи буровые	P10=2229362.132,460319.723,0	P10=2229362.392,460319.674,0	V40=0	V70=0
LWPOLYLINE	PDF _Сваи буровые	P10=2229361.959,460319.756,0	P10=2229362.028,460319.743,0	V40=0	V70=0
LWPOLYLINE	PDF _Сваи буровые	P10=2229361.595,460319.824,0	P10=2229361.855,460319.775,0	V40=0	V70=0
LWPOLYLINE	PDF _Сваи буровые	P10=2229361.422,460319.857,0	P10=2229361.491,460319.844,0	V40=0	V70=0
LWPOLYLINE	PDF _Сваи буровые	P10=2229361.058,460319.926,0	P10=2229361.318,460319.877,0	V40=0	V70=0
LWPOLYLINE	PDF _Сваи буровые	P10=2229360.884,460319.958,0	P10=2229360.954,460319.945,0	V40=0	V70=0
LWPOLYLINE	PDF _Сваи буровые	P10=2229360.675,460319.998,0	P10=2229360.78,460319.978,0	V40=0	V70=0
LWPOLYLINE	PDF _Сваи буровые	P10=2229367.304,460316.917,0	P10=2229367.351,460316.908,0	V40=0	V70=0
LWPOLYLINE	PDF _Сваи буровые	P10=2229366.94,460316.985,0	P10=2229367.2,460316.936,0	V40=0	V70=0
LWPOLYLINE	PDF _Сваи буровые	P10=2229366.767,460317.018,0	P10=2229366.836,460317.005,0	V40=0	V70=0
LWPOLYLINE	PDF _Сваи буровые	P10=2229366.403,460317.086,0	P10=2229366.663,460317.037,0	V40=0	V70=0
LWPOLYLINE	PDF _Сваи буровые	P10=2229366.23,460317.119,0	P10=2229366.299,460317.106,0	V40=0	V70=0
LWPOLYLINE	PDF _Сваи буровые	P10=2229365.866,460317.188,0	P10=2229366.126,460317.139,0	V40=0	V70=0
LWPOLYLINE	PDF _Сваи буровые	P10=2229365.692,460317.22,0	P10=2229365.762,460317.207,0	V40=0	V70=0
LWPOLYLINE	PDF _Сваи буровые	P10=2229365.328,460317.289,0	P10=2229365.588,460317.24,0	V40=0	V70=0
LWPOLYLINE	PDF _Сваи буровые	P10=2229365.155,460317.322,0	P10=2229365.224,460317.309,0	V40=0	V70=0
LWPOLYLINE	PDF _Сваи буровые	P10=2229364.791,460317.39,0	P10=2229365.051,460317.341,0	V40=0	V70=0
LWPOLYLINE	PDF _Сваи буровые	P10=2229364.618,460317.423,0	P10=2229364.687,460317.41,0	V40=0	V70=0
LWPOLYLINE	PDF _Сваи буровые	P10=2229364.254,460317.492,0	P10=2229364.514,460317.443,0	V40=0	V70=0
LWPOLYLINE	PDF _Сваи буровые	P10=2229364.08,460317.524,0	P10=2229364.15,460317.511,0	V40=0	V70=0
LWPOLYLINE	PDF _Сваи буровые	P10=2229363.716,460317.593,0	P10=2229363.976,460317.544,0	V40=0	V70=0
LWPOLYLINE	PDF _Сваи буровые	P10=2229363.543,460317.626,0	P10=2229363.612,460317.612,0	V40=0	V70=0
LWPOLYLINE	PDF _Сваи буровые	P10=2229363.179,460317.694,0	P10=2229363.439,460317.645,0	V40=0	V70=0
LWPOLYLINE	PDF _Сваи буровые	P10=2229363.006,460317.727,0	P10=2229363.075,460317.714,0	V40=0	V70=0
LWPOLYLINE	PDF _Сваи буровые	P10=2229362.642,460317.795,0	P10=2229362.902,460317.746,0	V40=0	V70=0
LWPOLYLINE	PDF _Сваи буровые	P10=2229362.468,460317.828,0	P10=2229362.538,460317.815,0	V40=0	V70=0
LWPOLYLINE	PDF _Сваи буровые	P10=2229362.104,460317.897,0	P10=2229362.364,460317.848,0	V40=0	V70=0
LWPOLYLINE	PDF _Сваи буровые	P10=2229361.931,460317.929,0	P10=2229362,460317.916,0	V40=0	V70=0
LWPOLYLINE	PDF _Сваи буровые	P10=2229361.567,460317.998,0	P10=2229361.827,460317.949,0	V40=0	V70=0
LWPOLYLINE	PDF _Сваи буровые	P10=2229361.394,460318.031,0	P10=2229361.463,460318.018,0	V40=0	V70=0
LWPOLYLINE	PDF _Сваи буровые	P10=2229361.03,460318.099,0	P10=2229361.29,460318.05,0	V40=0	V70=0
LWPOLYLINE	PDF _Сваи буровые	P10=2229360.856,460318.132,0	P10=2229360.926,460318.119,0	V40=0	V70=0
LWPOLYLINE	PDF _Сваи буровые	P10=2229360.492,460318.201,0	P10=2229360.752,460318.152,0	V40=0	V70=0
LWPOLYLINE	PDF _Сваи буровые	P10=2229360.342,460318.229,0	P10=2229360.388,460318.22,0	V40=0	V70=0
LWPOLYLINE	PDF _Сваи буровые	P10=2229366.98,460315.197,0	P10=2229367.027,460315.188,0	V40=0	V70=0
LWPOLYLINE	PDF _Сваи буровые	P10=2229366.616,460315.265,0	P10=2229366.876,460315.216,0	V40=0	V70=0
LWPOLYLINE	PDF _Сваи буровые	P10=2229366.443,460315.298,0	P10=2229366.512,460315.285,0	V40=0	V70=0
LWPOLYLINE	PDF _Сваи буровые	P10=2229366.079,460315.367,0	P10=2229366.339,460315.318,0	V40=0	V70=0
LWPOLYLINE	PDF _Сваи буровые	P10=2229365.905,460315.399,0	P10=2229365.975,460315.386,0	V40=0	V70=0
LWPOLYLINE	PDF _Сваи буровые	P10=2229365.541,460315.468,0	P10=2229365.801,460315.419,0	V40=0	V70=0
LWPOLYLINE	PDF _Сваи буровые	P10=2229365.368,460315.501,0	P10=2229365.437,460315.488,0	V40=0	V70=0
LWPOLYLINE	PDF _Сваи буровые	P10=2229365.004,460315.569,0	P10=2229365.264,460315.52,0	V40=0	V70=0
LWPOLYLINE	PDF _Сваи буровые	P10=2229364.831,460315.602,0	P10=2229364.9,460315.589,0	V40=0	V70=0
LWPOLYLINE	PDF _Сваи буровые	P10=2229364.467,460315.671,0	P10=2229364.727,460315.622,0	V40=0	V70=0
LWPOLYLINE	PDF _Сваи буровые	P10=2229364.293,460315.703,0	P10=2229364.363,460315.69,0	V40=0	V70=0
LWPOLYLINE	PDF _Сваи буровые	P10=2229363.929,460315.772,0	P10=2229364.189,460315.723,0	V40=0	V70=0
LWPOLYLINE	PDF _Сваи буровые	P10=2229363.756,460315.805,0	P10=2229363.825,460315.791,0	V40=0	V70=0
LWPOLYLINE	PDF _Сваи буровые	P10=2229363.392,460315.873,0	P10=2229363.652,460315.824,0	V40=0	V70=0
LWPOLYLINE	PDF _Сваи буровые	P10=2229363.219,460315.906,0	P10=2229363.288,460315.893,0	V40=0	V70=0
LWPOLYLINE	PDF _Сваи буровые	P10=2229362.855,460315.974,0	P10=2229363.115,460315.925,0	V40=0	V70=0
LWPOLYLINE	PDF _Сваи буровые	P10=2229362.681,460316.007,0	P10=2229362.751,460315.994,0	V40=0	V70=0
LWPOLYLINE	PDF _Сваи буровые	P10=2229362.317,460316.076,0	P10=2229362.577,460316.027,0	V40=0	V70=0
LWPOLYLINE	PDF _Сваи буровые	P10=2229362.144,460316.108,0	P10=2229362.213,460316.095,0	V40=0	V70=0
LWPOLYLINE	PDF _Сваи буровые	P10=2229361.78,460316.177,0	P10=2229362.04,460316.128,0	V40=0	V70=0
LWPOLYLINE	PDF _Сваи буровые	P10=2229361.607,460316.21,0	P10=2229361.676,460316.197,0	V40=0	V70=0
LWPOLYLINE	PDF _Сваи буровые	P10=2229361.243,460316.278,0	P10=2229361.503,460316.229,0	V40=0	V70=0
LWPOLYLINE	PDF _Сваи буровые	P10=2229361.069,460316.311,0	P10=2229361.139,460316.298,0	V40=0	V70=0
LWPOLYLINE	PDF _Сваи буровые	P10=2229360.705,460316.38,0	P10=2229360.965,460316.331,0	V40=0	V70=0
LWPOLYLINE	PDF _Сваи буровые	P10=2229360.532,460316.412,0	P10=2229360.601,460316.399,0	V40=0	V70=0
LWPOLYLINE	PDF _Сваи буровые	P10=2229360.168,460316.481,0	P10=2229360.428,460316.432,0	V40=0	V70=0
LWPOLYLINE	PDF _Сваи буровые	P10=2229360.018,460316.509,0	P10=2229360.064,460316.5,0	V40=0	V70=0
LWPOLYLINE	PDF _Сваи буровые	P10=2229369.884,460312.869,0	P10=2229370.126,460312.823,0	V40=0	V70=0
LWPOLYLINE	PDF _Сваи буровые	P10=2229369.711,460312.901,0	P10=2229369.78,460312.888,0	V40=0	V70=0
LWPOLYLINE	PDF _Сваи буровые	P10=2229369.347,460312.97,0	P10=2229369.607,460312.921,0	V40=0	V70=0
LWPOLYLINE	PDF _Сваи буровые	P10=2229369.174,460313.003,0	P10=2229369.243,460312.989,0	V40=0	V70=0
LWPOLYLINE	PDF _Сваи буровые	P10=2229368.81,460313.071,0	P10=2229369.07,460313.022,0	V40=0	V70=0
LWPOLYLINE	PDF _Сваи буровые	P10=2229368.636,460313.104,0	P10=2229368.706,460313.091,0	V40=0	V70=0
LWPOLYLINE	PDF _Сваи буровые	P10=2229368.272,460313.172,0	P10=2229368.532,460313.123,0	V40=0	V70=0
LWPOLYLINE	PDF _Сваи буровые	P10=2229368.099,460313.205,0	P10=2229368.168,460313.192,0	V40=0	V70=0
LWPOLYLINE	PDF _Сваи буровые	P10=2229367.735,460313.274,0	P10=2229367.995,460313.225,0	V40=0	V70=0
LWPOLYLINE	PDF _Сваи буровые	P10=2229367.562,460313.306,0	P10=2229367.631,460313.293,0	V40=0	V70=0
LWPOLYLINE	PDF _Сваи буровые	P10=2229367.198,460313.375,0	P10=2229367.458,460313.326,0	V40=0	V70=0
LWPOLYLINE	PDF _Сваи буровые	P10=2229367.024,460313.408,0	P10=2229367.094,460313.395,0	V40=0	V70=0
LWPOLYLINE	PDF _Сваи буровые	P10=2229366.66,460313.476,0	P10=2229366.92,460313.427,0	V40=0	V70=0
LWPOLYLINE	PDF _Сваи буровые	P10=2229366.487,460313.509,0	P10=2229366.556,460313.496,0	V40=0	V70=0
LWPOLYLINE	PDF _Сваи буровые	P10=2229366.123,460313.578,0	P10=2229366.383,460313.529,0	V40=0	V70=0
LWPOLYLINE	PDF _Сваи буровые	P10=2229365.95,460313.61,0	P10=2229366.019,460313.597,0	V40=0	V70=0
LWPOLYLINE	PDF _Сваи буровые	P10=2229365.586,460313.679,0	P10=2229365.846,460313.63,0	V40=0	V70=0
LWPOLYLINE	PDF _Сваи буровые	P10=2229365.412,460313.712,0	P10=2229365.482,460313.698,0	V40=0	V70=0
LWPOLYLINE	PDF _Сваи буровые	P10=2229365.048,460313.78,0	P10=2229365.308,460313.731,0	V40=0	V70=0
LWPOLYLINE	PDF _Сваи буровые	P10=2229364.875,460313.813,0	P10=2229364.944,460313.8,0	V40=0	V70=0
LWPOLYLINE	PDF _Сваи буровые	P10=2229364.511,460313.881,0	P10=2229364.771,460313.832,0	V40=0	V70=0
LWPOLYLINE	PDF _Сваи буровые	P10=2229364.338,460313.914,0	P10=2229364.407,460313.901,0	V40=0	V70=0
LWPOLYLINE	PDF _Сваи буровые	P10=2229363.974,460313.983,0	P10=2229364.234,460313.934,0	V40=0	V70=0
LWPOLYLINE	PDF _Сваи буровые	P10=2229363.8,460314.015,0	P10=2229363.87,460314.002,0	V40=0	V70=0
LWPOLYLINE	PDF _Сваи буровые	P10=2229363.436,460314.084,0	P10=2229363.696,460314.035,0	V40=0	V70=0
LWPOLYLINE	PDF _Сваи буровые	P10=2229363.263,460314.117,0	P10=2229363.332,460314.104,0	V40=0	V70=0
LWPOLYLINE	PDF _Сваи буровые	P10=2229362.899,460314.185,0	P10=2229363.159,460314.136,0	V40=0	V70=0
LWPOLYLINE	PDF _Сваи буровые	P10=2229362.726,460314.218,0	P10=2229362.795,460314.205,0	V40=0	V70=0
LWPOLYLINE	PDF _Сваи буровые	P10=2229362.362,460314.287,0	P10=2229362.622,460314.238,0	V40=0	V70=0
LWPOLYLINE	PDF _Сваи буровые	P10=2229362.188,460314.319,0	P10=2229362.258,460314.306,0	V40=0	V70=0
LWPOLYLINE	PDF _Сваи буровые	P10=2229361.824,460314.388,0	P10=2229362.084,460314.339,0	V40=0	V70=0
LWPOLYLINE	PDF _Сваи буровые	P10=2229361.651,460314.421,0	P10=2229361.72,460314.407,0	V40=0	V70=0
LWPOLYLINE	PDF _Сваи буровые	P10=2229361.287,460314.489,0	P10=2229361.547,460314.44,0	V40=0	V70=0
LWPOLYLINE	PDF _Сваи буровые	P10=2229361.114,460314.522,0	P10=2229361.183,460314.509,0	V40=0	V70=0
LWPOLYLINE	PDF _Сваи буровые	P10=2229360.75,460314.59,0	P10=2229361.01,460314.541,0	V40=0	V70=0
LWPOLYLINE	PDF _Сваи буровые	P10=2229360.576,460314.623,0	P10=2229360.646,460314.61,0	V40=0	V70=0
LWPOLYLINE	PDF _Сваи буровые	P10=2229360.212,460314.692,0	P10=2229360.472,460314.643,0	V40=0	V70=0
LWPOLYLINE	PDF _Сваи буровые	P10=2229360.039,460314.724,0	P10=2229360.108,460314.711,0	V40=0	V70=0
LWPOLYLINE	PDF _Сваи буровые	P10=2229359.693,460314.789,0	P10=2229359.935,460314.744,0	V40=0	V70=0
LWPOLYLINE	PDF _Сваи буровые	P10=2229369.56,460311.149,0	P10=2229369.802,460311.103,0	V40=0	V70=0
LWPOLYLINE	PDF _Сваи буровые	P10=2229369.387,460311.182,0	P10=2229369.456,460311.168,0	V40=0	V70=0
LWPOLYLINE	PDF _Сваи буровые	P10=2229369.023,460311.25,0	P10=2229369.283,460311.201,0	V40=0	V70=0
LWPOLYLINE	PDF _Сваи буровые	P10=2229368.85,460311.283,0	P10=2229368.919,460311.27,0	V40=0	V70=0
LWPOLYLINE	PDF _Сваи буровые	P10=2229368.486,460311.351,0	P10=2229368.746,460311.302,0	V40=0	V70=0
LWPOLYLINE	PDF _Сваи буровые	P10=2229368.312,460311.384,0	P10=2229368.382,460311.371,0	V40=0	V70=0
LWPOLYLINE	PDF _Сваи буровые	P10=2229367.948,460311.453,0	P10=2229368.208,460311.404,0	V40=0	V70=0
LWPOLYLINE	PDF _Сваи буровые	P10=2229367.775,460311.485,0	P10=2229367.844,460311.472,0	V40=0	V70=0
LWPOLYLINE	PDF _Сваи буровые	P10=2229367.411,460311.554,0	P10=2229367.671,460311.505,0	V40=0	V70=0
LWPOLYLINE	PDF _Сваи буровые	P10=2229367.238,460311.587,0	P10=2229367.307,460311.574,0	V40=0	V70=0
LWPOLYLINE	PDF _Сваи буровые	P10=2229366.874,460311.655,0	P10=2229367.134,460311.606,0	V40=0	V70=0
LWPOLYLINE	PDF _Сваи буровые	P10=2229366.7,460311.688,0	P10=2229366.77,460311.675,0	V40=0	V70=0
LWPOLYLINE	PDF _Сваи буровые	P10=2229366.336,460311.757,0	P10=2229366.596,460311.708,0	V40=0	V70=0
LWPOLYLINE	PDF _Сваи буровые	P10=2229366.163,460311.789,0	P10=2229366.232,460311.776,0	V40=0	V70=0
LWPOLYLINE	PDF _Сваи буровые	P10=2229365.799,460311.858,0	P10=2229366.059,460311.809,0	V40=0	V70=0
LWPOLYLINE	PDF _Сваи буровые	P10=2229365.626,460311.891,0	P10=2229365.695,460311.877,0	V40=0	V70=0
LWPOLYLINE	PDF _Сваи буровые	P10=2229365.262,460311.959,0	P10=2229365.522,460311.91,0	V40=0	V70=0
LWPOLYLINE	PDF _Сваи буровые	P10=2229365.088,460311.992,0	P10=2229365.158,460311.979,0	V40=0	V70=0
LWPOLYLINE	PDF _Сваи буровые	P10=2229364.724,460312.06,0	P10=2229364.984,460312.011,0	V40=0	V70=0
LWPOLYLINE	PDF _Сваи буровые	P10=2229364.551,460312.093,0	P10=2229364.62,460312.08,0	V40=0	V70=0
LWPOLYLINE	PDF _Сваи буровые	P10=2229364.187,460312.162,0	P10=2229364.447,460312.113,0	V40=0	V70=0
LWPOLYLINE	PDF _Сваи буровые	P10=2229364.014,460312.194,0	P10=2229364.083,460312.181,0	V40=0	V70=0
LWPOLYLINE	PDF _Сваи буровые	P10=2229363.65,460312.263,0	P10=2229363.91,460312.214,0	V40=0	V70=0
LWPOLYLINE	PDF _Сваи буровые	P10=2229363.476,460312.296,0	P10=2229363.546,460312.283,0	V40=0	V70=0
LWPOLYLINE	PDF _Сваи буровые	P10=2229363.112,460312.364,0	P10=2229363.372,460312.315,0	V40=0	V70=0
LWPOLYLINE	PDF _Сваи буровые	P10=2229362.939,460312.397,0	P10=2229363.008,460312.384,0	V40=0	V70=0
LWPOLYLINE	PDF _Сваи буровые	P10=2229362.575,460312.466,0	P10=2229362.835,460312.417,0	V40=0	V70=0
LWPOLYLINE	PDF _Сваи буровые	P10=2229362.402,460312.498,0	P10=2229362.471,460312.485,0	V40=0	V70=0
LWPOLYLINE	PDF _Сваи буровые	P10=2229362.038,460312.567,0	P10=2229362.298,460312.518,0	V40=0	V70=0
LWPOLYLINE	PDF _Сваи буровые	P10=2229361.864,460312.6,0	P10=2229361.934,460312.586,0	V40=0	V70=0
LWPOLYLINE	PDF _Сваи буровые	P10=2229361.5,460312.668,0	P10=2229361.76,460312.619,0	V40=0	V70=0
LWPOLYLINE	PDF _Сваи буровые	P10=2229361.327,460312.701,0	P10=2229361.396,460312.688,0	V40=0	V70=0
LWPOLYLINE	PDF _Сваи буровые	P10=2229360.963,460312.769,0	P10=2229361.223,460312.72,0	V40=0	V70=0
LWPOLYLINE	PDF _Сваи буровые	P10=2229360.79,460312.802,0	P10=2229360.859,460312.789,0	V40=0	V70=0
LWPOLYLINE	PDF _Сваи буровые	P10=2229360.426,460312.871,0	P10=2229360.686,460312.822,0	V40=0	V70=0
LWPOLYLINE	PDF _Сваи буровые	P10=2229360.252,460312.903,0	P10=2229360.322,460312.89,0	V40=0	V70=0
LWPOLYLINE	PDF _Сваи буровые	P10=2229359.888,460312.972,0	P10=2229360.148,460312.923,0	V40=0	V70=0
LWPOLYLINE	PDF _Сваи буровые	P10=2229359.715,460313.005,0	P10=2229359.784,460312.992,0	V40=0	V70=0
LWPOLYLINE	PDF _Сваи буровые	P10=2229359.369,460313.07,0	P10=2229359.611,460313.024,0	V40=0	V70=0
LWPOLYLINE	PDF _Сваи буровые	P10=2229369.218,460309.331,0	P10=2229369.459,460309.285,0	V40=0	V70=0
LWPOLYLINE	PDF _Сваи буровые	P10=2229369.044,460309.364,0	P10=2229369.114,460309.35,0	V40=0	V70=0
LWPOLYLINE	PDF _Сваи буровые	P10=2229368.68,460309.432,0	P10=2229368.94,460309.383,0	V40=0	V70=0
LWPOLYLINE	PDF _Сваи буровые	P10=2229368.507,460309.465,0	P10=2229368.576,460309.452,0	V40=0	V70=0
LWPOLYLINE	PDF _Сваи буровые	P10=2229368.143,460309.533,0	P10=2229368.403,460309.484,0	V40=0	V70=0
LWPOLYLINE	PDF _Сваи буровые	P10=2229367.97,460309.566,0	P10=2229368.039,460309.553,0	V40=0	V70=0
LWPOLYLINE	PDF _Сваи буровые	P10=2229367.606,460309.635,0	P10=2229367.866,460309.586,0	V40=0	V70=0
LWPOLYLINE	PDF _Сваи буровые	P10=2229367.432,460309.667,0	P10=2229367.502,460309.654,0	V40=0	V70=0
LWPOLYLINE	PDF _Сваи буровые	P10=2229367.068,460309.736,0	P10=2229367.328,460309.687,0	V40=0	V70=0
LWPOLYLINE	PDF _Сваи буровые	P10=2229366.895,460309.769,0	P10=2229366.964,460309.756,0	V40=0	V70=0
LWPOLYLINE	PDF _Сваи буровые	P10=2229366.531,460309.837,0	P10=2229366.791,460309.788,0	V40=0	V70=0
LWPOLYLINE	PDF _Сваи буровые	P10=2229366.358,460309.87,0	P10=2229366.427,460309.857,0	V40=0	V70=0
LWPOLYLINE	PDF _Сваи буровые	P10=2229365.994,460309.939,0	P10=2229366.254,460309.89,0	V40=0	V70=0
LWPOLYLINE	PDF _Сваи буровые	P10=2229365.82,460309.971,0	P10=2229365.89,460309.958,0	V40=0	V70=0
LWPOLYLINE	PDF _Сваи буровые	P10=2229365.456,460310.04,0	P10=2229365.716,460309.991,0	V40=0	V70=0
LWPOLYLINE	PDF _Сваи буровые	P10=2229365.283,460310.073,0	P10=2229365.352,460310.059,0	V40=0	V70=0
LWPOLYLINE	PDF _Сваи буровые	P10=2229364.919,460310.141,0	P10=2229365.179,460310.092,0	V40=0	V70=0
LWPOLYLINE	PDF _Сваи буровые	P10=2229364.746,460310.174,0	P10=2229364.815,460310.161,0	V40=0	V70=0
LWPOLYLINE	PDF _Сваи буровые	P10=2229364.382,460310.242,0	P10=2229364.642,460310.193,0	V40=0	V70=0
LWPOLYLINE	PDF _Сваи буровые	P10=2229364.208,460310.275,0	P10=2229364.278,460310.262,0	V40=0	V70=0
LWPOLYLINE	PDF _Сваи буровые	P10=2229363.844,460310.344,0	P10=2229364.104,460310.295,0	V40=0	V70=0
LWPOLYLINE	PDF _Сваи буровые	P10=2229363.671,460310.376,0	P10=2229363.74,460310.363,0	V40=0	V70=0
LWPOLYLINE	PDF _Сваи буровые	P10=2229363.307,460310.445,0	P10=2229363.567,460310.396,0	V40=0	V70=0
LWPOLYLINE	PDF _Сваи буровые	P10=2229363.134,460310.478,0	P10=2229363.203,460310.465,0	V40=0	V70=0
LWPOLYLINE	PDF _Сваи буровые	P10=2229362.77,460310.546,0	P10=2229363.03,460310.497,0	V40=0	V70=0
LWPOLYLINE	PDF _Сваи буровые	P10=2229362.596,460310.579,0	P10=2229362.666,460310.566,0	V40=0	V70=0
LWPOLYLINE	PDF _Сваи буровые	P10=2229362.232,460310.648,0	P10=2229362.492,460310.599,0	V40=0	V70=0
LWPOLYLINE	PDF _Сваи буровые	P10=2229362.059,460310.68,0	P10=2229362.128,460310.667,0	V40=0	V70=0
LWPOLYLINE	PDF _Сваи буровые	P10=2229361.695,460310.749,0	P10=2229361.955,460310.7,0	V40=0	V70=0
LWPOLYLINE	PDF _Сваи буровые	P10=2229361.522,460310.782,0	P10=2229361.591,460310.768,0	V40=0	V70=0
LWPOLYLINE	PDF _Сваи буровые	P10=2229361.158,460310.85,0	P10=2229361.418,460310.801,0	V40=0	V70=0
LWPOLYLINE	PDF _Сваи буровые	P10=2229360.984,460310.883,0	P10=2229361.054,460310.87,0	V40=0	V70=0
LWPOLYLINE	PDF _Сваи буровые	P10=2229360.62,460310.951,0	P10=2229360.88,460310.902,0	V40=0	V70=0
LWPOLYLINE	PDF _Сваи буровые	P10=2229360.447,460310.984,0	P10=2229360.516,460310.971,0	V40=0	V70=0
LWPOLYLINE	PDF _Сваи буровые	P10=2229360.083,460311.053,0	P10=2229360.343,460311.004,0	V40=0	V70=0
LWPOLYLINE	PDF _Сваи буровые	P10=2229359.909,460311.085,0	P10=2229359.979,460311.072,0	V40=0	V70=0
LWPOLYLINE	PDF _Сваи буровые	P10=2229359.545,460311.154,0	P10=2229359.805,460311.105,0	V40=0	V70=0
LWPOLYLINE	PDF _Сваи буровые	P10=2229359.372,460311.187,0	P10=2229359.441,460311.174,0	V40=0	V70=0
LWPOLYLINE	PDF _Сваи буровые	P10=2229359.027,460311.252,0	P10=2229359.268,460311.206,0	V40=0	V70=0
LWPOLYLINE	PDF _Сваи буровые	P10=2229368.838,460307.316,0	P10=2229369.08,460307.271,0	V40=0	V70=0
LWPOLYLINE	PDF _Сваи буровые	P10=2229368.665,460307.349,0	P10=2229368.734,460307.336,0	V40=0	V70=0
LWPOLYLINE	PDF _Сваи буровые	P10=2229368.301,460307.418,0	P10=2229368.561,460307.369,0	V40=0	V70=0
LWPOLYLINE	PDF _Сваи буровые	P10=2229368.127,460307.45,0	P10=2229368.197,460307.437,0	V40=0	V70=0
LWPOLYLINE	PDF _Сваи буровые	P10=2229367.763,460307.519,0	P10=2229368.023,460307.47,0	V40=0	V70=0
LWPOLYLINE	PDF _Сваи буровые	P10=2229367.59,460307.552,0	P10=2229367.659,460307.539,0	V40=0	V70=0
LWPOLYLINE	PDF _Сваи буровые	P10=2229367.226,460307.62,0	P10=2229367.486,460307.571,0	V40=0	V70=0
LWPOLYLINE	PDF _Сваи буровые	P10=2229367.053,460307.653,0	P10=2229367.122,460307.64,0	V40=0	V70=0
LWPOLYLINE	PDF _Сваи буровые	P10=2229366.689,460307.722,0	P10=2229366.949,460307.673,0	V40=0	V70=0
LWPOLYLINE	PDF _Сваи буровые	P10=2229366.515,460307.754,0	P10=2229366.585,460307.741,0	V40=0	V70=0
LWPOLYLINE	PDF _Сваи буровые	P10=2229366.151,460307.823,0	P10=2229366.411,460307.774,0	V40=0	V70=0
LWPOLYLINE	PDF _Сваи буровые	P10=2229365.978,460307.855,0	P10=2229366.047,460307.842,0	V40=0	V70=0
LWPOLYLINE	PDF _Сваи буровые	P10=2229365.614,460307.924,0	P10=2229365.874,460307.875,0	V40=0	V70=0
LWPOLYLINE	PDF _Сваи буровые	P10=2229365.441,460307.957,0	P10=2229365.51,460307.944,0	V40=0	V70=0
LWPOLYLINE	PDF _Сваи буровые	P10=2229365.077,460308.025,0	P10=2229365.337,460307.976,0	V40=0	V70=0
LWPOLYLINE	PDF _Сваи буровые	P10=2229364.903,460308.058,0	P10=2229364.973,460308.045,0	V40=0	V70=0
LWPOLYLINE	PDF _Сваи буровые	P10=2229364.539,460308.127,0	P10=2229364.799,460308.078,0	V40=0	V70=0
LWPOLYLINE	PDF _Сваи буровые	P10=2229364.366,460308.159,0	P10=2229364.435,460308.146,0	V40=0	V70=0
LWPOLYLINE	PDF _Сваи буровые	P10=2229364.002,460308.228,0	P10=2229364.262,460308.179,0	V40=0	V70=0
LWPOLYLINE	PDF _Сваи буровые	P10=2229363.829,460308.261,0	P10=2229363.898,460308.248,0	V40=0	V70=0
LWPOLYLINE	PDF _Сваи буровые	P10=2229363.465,460308.329,0	P10=2229363.724,460308.28,0	V40=0	V70=0
LWPOLYLINE	PDF _Сваи буровые	P10=2229363.291,460308.362,0	P10=2229363.361,460308.349,0	V40=0	V70=0
LWPOLYLINE	PDF _Сваи буровые	P10=2229362.927,460308.43,0	P10=2229363.187,460308.381,0	V40=0	V70=0
LWPOLYLINE	PDF _Сваи буровые	P10=2229362.754,460308.463,0	P10=2229362.823,460308.45,0	V40=0	V70=0
LWPOLYLINE	PDF _Сваи буровые	P10=2229362.39,460308.532,0	P10=2229362.65,460308.483,0	V40=0	V70=0
LWPOLYLINE	PDF _Сваи буровые	P10=2229362.217,460308.564,0	P10=2229362.286,460308.551,0	V40=0	V70=0
LWPOLYLINE	PDF _Сваи буровые	P10=2229361.853,460308.633,0	P10=2229362.112,460308.584,0	V40=0	V70=0
LWPOLYLINE	PDF _Сваи буровые	P10=2229361.679,460308.666,0	P10=2229361.749,460308.653,0	V40=0	V70=0
LWPOLYLINE	PDF _Сваи буровые	P10=2229361.315,460308.734,0	P10=2229361.575,460308.685,0	V40=0	V70=0
LWPOLYLINE	PDF _Сваи буровые	P10=2229361.142,460308.767,0	P10=2229361.211,460308.754,0	V40=0	V70=0
LWPOLYLINE	PDF _Сваи буровые	P10=2229360.778,460308.836,0	P10=2229361.038,460308.787,0	V40=0	V70=0
LWPOLYLINE	PDF _Сваи буровые	P10=2229360.604,460308.868,0	P10=2229360.674,460308.855,0	V40=0	V70=0
LWPOLYLINE	PDF _Сваи буровые	P10=2229360.24,460308.937,0	P10=2229360.5,460308.888,0	V40=0	V70=0
LWPOLYLINE	PDF _Сваи буровые	P10=2229360.067,460308.97,0	P10=2229360.136,460308.957,0	V40=0	V70=0
LWPOLYLINE	PDF _Сваи буровые	P10=2229359.703,460309.038,0	P10=2229359.963,460308.989,0	V40=0	V70=0
LWPOLYLINE	PDF _Сваи буровые	P10=2229359.53,460309.071,0	P10=2229359.599,460309.058,0	V40=0	V70=0
LWPOLYLINE	PDF _Сваи буровые	P10=2229359.166,460309.139,0	P10=2229359.426,460309.09,0	V40=0	V70=0
LWPOLYLINE	PDF _Сваи буровые	P10=2229358.992,460309.172,0	P10=2229359.062,460309.159,0	V40=0	V70=0
LWPOLYLINE	PDF _Сваи буровые	P10=2229358.647,460309.237,0	P10=2229358.888,460309.192,0	V40=0	V70=0
LWPOLYLINE	PDF _Сваи буровые	P10=2229360.817,460318.765,0	P10=2229360.862,460319.002,0	V40=0	V70=0
LWPOLYLINE	PDF _Сваи буровые	P10=2229360.785,460318.591,0	P10=2229360.798,460318.661,0	V40=0	V70=0
LWPOLYLINE	PDF _Сваи буровые	P10=2229360.716,460318.227,0	P10=2229360.765,460318.487,0	V40=0	V70=0
LWPOLYLINE	PDF _Сваи буровые	P10=2229360.683,460318.054,0	P10=2229360.696,460318.123,0	V40=0	V70=0
LWPOLYLINE	PDF _Сваи буровые	P10=2229360.615,460317.69,0	P10=2229360.664,460317.95,0	V40=0	V70=0
LWPOLYLINE	PDF _Сваи буровые	P10=2229360.582,460317.517,0	P10=2229360.595,460317.586,0	V40=0	V70=0
LWPOLYLINE	PDF _Сваи буровые	P10=2229360.513,460317.153,0	P10=2229360.562,460317.413,0	V40=0	V70=0
LWPOLYLINE	PDF _Сваи буровые	P10=2229360.481,460316.979,0	P10=2229360.494,460317.049,0	V40=0	V70=0
LWPOLYLINE	PDF _Сваи буровые	P10=2229360.412,460316.615,0	P10=2229360.461,460316.875,0	V40=0	V70=0
LWPOLYLINE	PDF _Сваи буровые	P10=2229360.38,460316.442,0	P10=2229360.393,460316.511,0	V40=0	V70=0
LWPOLYLINE	PDF _Сваи буровые	P10=2229360.311,460316.078,0	P10=2229360.36,460316.338,0	V40=0	V70=0
LWPOLYLINE	PDF _Сваи буровые	P10=2229360.278,460315.905,0	P10=2229360.291,460315.974,0	V40=0	V70=0
LWPOLYLINE	PDF _Сваи буровые	P10=2229360.21,460315.541,0	P10=2229360.259,460315.801,0	V40=0	V70=0
LWPOLYLINE	PDF _Сваи буровые	P10=2229360.177,460315.367,0	P10=2229360.19,460315.437,0	V40=0	V70=0
LWPOLYLINE	PDF _Сваи буровые	P10=2229360.108,460315.003,0	P10=2229360.157,460315.263,0	V40=0	V70=0
LWPOLYLINE	PDF _Сваи буровые	P10=2229360.076,460314.83,0	P10=2229360.089,460314.899,0	V40=0	V70=0
LWPOLYLINE	PDF _Сваи буровые	P10=2229360.007,460314.466,0	P10=2229360.056,460314.726,0	V40=0	V70=0
LWPOLYLINE	PDF _Сваи буровые	P10=2229359.974,460314.293,0	P10=2229359.987,460314.362,0	V40=0	V70=0
LWPOLYLINE	PDF _Сваи буровые	P10=2229359.906,460313.929,0	P10=2229359.955,460314.189,0	V40=0	V70=0
LWPOLYLINE	PDF _Сваи буровые	P10=2229359.873,460313.755,0	P10=2229359.886,460313.825,0	V40=0	V70=0
LWPOLYLINE	PDF _Сваи буровые	P10=2229359.804,460313.391,0	P10=2229359.853,460313.651,0	V40=0	V70=0
LWPOLYLINE	PDF _Сваи буровые	P10=2229359.772,460313.218,0	P10=2229359.785,460313.287,0	V40=0	V70=0
LWPOLYLINE	PDF _Сваи буровые	P10=2229359.703,460312.854,0	P10=2229359.752,460313.114,0	V40=0	V70=0
LWPOLYLINE	PDF _Сваи буровые	P10=2229359.671,460312.681,0	P10=2229359.684,460312.75,0	V40=0	V70=0
LWPOLYLINE	PDF _Сваи буровые	P10=2229359.606,460312.339,0	P10=2229359.651,460312.577,0	V40=0	V70=0
LWPOLYLINE	PDF _Сваи буровые	P10=2229366.388,460323.646,0	P10=2229366.398,460323.702,0	V40=0	V70=0
LWPOLYLINE	PDF _Сваи буровые	P10=2229366.319,460323.282,0	P10=2229366.368,460323.542,0	V40=0	V70=0
LWPOLYLINE	PDF _Сваи буровые	P10=2229366.287,460323.109,0	P10=2229366.3,460323.178,0	V40=0	V70=0
LWPOLYLINE	PDF _Сваи буровые	P10=2229366.218,460322.745,0	P10=2229366.267,460323.005,0	V40=0	V70=0
LWPOLYLINE	PDF _Сваи буровые	P10=2229366.185,460322.572,0	P10=2229366.198,460322.641,0	V40=0	V70=0
LWPOLYLINE	PDF _Сваи буровые	P10=2229366.117,460322.208,0	P10=2229366.166,460322.468,0	V40=0	V70=0
LWPOLYLINE	PDF _Сваи буровые	P10=2229366.084,460322.034,0	P10=2229366.097,460322.104,0	V40=0	V70=0
LWPOLYLINE	PDF _Сваи буровые	P10=2229366.015,460321.67,0	P10=2229366.064,460321.93,0	V40=0	V70=0
LWPOLYLINE	PDF _Сваи буровые	P10=2229365.983,460321.497,0	P10=2229365.996,460321.566,0	V40=0	V70=0
LWPOLYLINE	PDF _Сваи буровые	P10=2229365.914,460321.133,0	P10=2229365.963,460321.393,0	V40=0	V70=0
LWPOLYLINE	PDF _Сваи буровые	P10=2229365.881,460320.96,0	P10=2229365.894,460321.029,0	V40=0	V70=0
LWPOLYLINE	PDF _Сваи буровые	P10=2229365.813,460320.595,0	P10=2229365.862,460320.856,0	V40=0	V70=0
LWPOLYLINE	PDF _Сваи буровые	P10=2229365.78,460320.422,0	P10=2229365.793,460320.491,0	V40=0	V70=0
LWPOLYLINE	PDF _Сваи буровые	P10=2229365.712,460320.058,0	P10=2229365.761,460320.318,0	V40=0	V70=0
LWPOLYLINE	PDF _Сваи буровые	P10=2229365.679,460319.885,0	P10=2229365.692,460319.954,0	V40=0	V70=0
LWPOLYLINE	PDF _Сваи буровые	P10=2229365.61,460319.521,0	P10=2229365.659,460319.781,0	V40=0	V70=0
LWPOLYLINE	PDF _Сваи буровые	P10=2229365.578,460319.347,0	P10=2229365.591,460319.417,0	V40=0	V70=0
LWPOLYLINE	PDF _Сваи буровые	P10=2229365.509,460318.983,0	P10=2229365.558,460319.243,0	V40=0	V70=0
LWPOLYLINE	PDF _Сваи буровые	P10=2229365.476,460318.81,0	P10=2229365.489,460318.879,0	V40=0	V70=0
LWPOLYLINE	PDF _Сваи буровые	P10=2229365.408,460318.446,0	P10=2229365.457,460318.706,0	V40=0	V70=0
LWPOLYLINE	PDF _Сваи буровые	P10=2229365.375,460318.273,0	P10=2229365.388,460318.342,0	V40=0	V70=0
LWPOLYLINE	PDF _Сваи буровые	P10=2229365.306,460317.909,0	P10=2229365.355,460318.169,0	V40=0	V70=0
LWPOLYLINE	PDF _Сваи буровые	P10=2229365.274,460317.735,0	P10=2229365.287,460317.805,0	V40=0	V70=0
LWPOLYLINE	PDF _Сваи буровые	P10=2229365.205,460317.371,0	P10=2229365.254,460317.631,0	V40=0	V70=0
LWPOLYLINE	PDF _Сваи буровые	P10=2229365.172,460317.198,0	P10=2229365.186,460317.267,0	V40=0	V70=0
LWPOLYLINE	PDF _Сваи буровые	P10=2229365.104,460316.834,0	P10=2229365.153,460317.094,0	V40=0	V70=0
LWPOLYLINE	PDF _Сваи буровые	P10=2229365.074,460316.675,0	P10=2229365.084,460316.73,0	V40=0	V70=0
LWPOLYLINE	PDF _Сваи буровые	P10=2229369.685,460322.997,0	P10=2229369.7,460323.079,0	V40=0	V70=0
LWPOLYLINE	PDF _Сваи буровые	P10=2229369.652,460322.824,0	P10=2229369.665,460322.893,0	V40=0	V70=0
LWPOLYLINE	PDF _Сваи буровые	P10=2229369.583,460322.46,0	P10=2229369.632,460322.72,0	V40=0	V70=0
LWPOLYLINE	PDF _Сваи буровые	P10=2229369.551,460322.286,0	P10=2229369.564,460322.356,0	V40=0	V70=0
LWPOLYLINE	PDF _Сваи буровые	P10=2229369.482,460321.922,0	P10=2229369.531,460322.183,0	V40=0	V70=0
LWPOLYLINE	PDF _Сваи буровые	P10=2229369.449,460321.749,0	P10=2229369.462,460321.818,0	V40=0	V70=0
LWPOLYLINE	PDF _Сваи буровые	P10=2229369.381,460321.385,0	P10=2229369.43,460321.645,0	V40=0	V70=0
LWPOLYLINE	PDF _Сваи буровые	P10=2229369.348,460321.212,0	P10=2229369.361,460321.281,0	V40=0	V70=0
LWPOLYLINE	PDF _Сваи буровые	P10=2229369.28,460320.848,0	P10=2229369.329,460321.108,0	V40=0	V70=0
LWPOLYLINE	PDF _Сваи буровые	P10=2229369.247,460320.674,0	P10=2229369.26,460320.744,0	V40=0	V70=0
LWPOLYLINE	PDF _Сваи буровые	P10=2229369.178,460320.31,0	P10=2229369.227,460320.57,0	V40=0	V70=0
LWPOLYLINE	PDF _Сваи буровые	P10=2229369.146,460320.137,0	P10=2229369.159,460320.206,0	V40=0	V70=0
LWPOLYLINE	PDF _Сваи буровые	P10=2229369.077,460319.773,0	P10=2229369.126,460320.033,0	V40=0	V70=0
LWPOLYLINE	PDF _Сваи буровые	P10=2229369.044,460319.6,0	P10=2229369.057,460319.669,0	V40=0	V70=0
LWPOLYLINE	PDF _Сваи буровые	P10=2229368.976,460319.236,0	P10=2229369.025,460319.496,0	V40=0	V70=0
LWPOLYLINE	PDF _Сваи буровые	P10=2229368.943,460319.062,0	P10=2229368.956,460319.132,0	V40=0	V70=0
LWPOLYLINE	PDF _Сваи буровые	P10=2229368.874,460318.698,0	P10=2229368.923,460318.958,0	V40=0	V70=0
LWPOLYLINE	PDF _Сваи буровые	P10=2229368.842,460318.525,0	P10=2229368.855,460318.594,0	V40=0	V70=0
LWPOLYLINE	PDF _Сваи буровые	P10=2229368.773,460318.161,0	P10=2229368.822,460318.421,0	V40=0	V70=0
LWPOLYLINE	PDF _Сваи буровые	P10=2229368.74,460317.988,0	P10=2229368.753,460318.057,0	V40=0	V70=0
LWPOLYLINE	PDF _Сваи буровые	P10=2229368.672,460317.624,0	P10=2229368.721,460317.884,0	V40=0	V70=0
LWPOLYLINE	PDF _Сваи буровые	P10=2229368.639,460317.45,0	P10=2229368.652,460317.52,0	V40=0	V70=0
LWPOLYLINE	PDF _Сваи буровые	P10=2229368.571,460317.086,0	P10=2229368.62,460317.346,0	V40=0	V70=0
LWPOLYLINE	PDF _Сваи буровые	P10=2229368.538,460316.913,0	P10=2229368.551,460316.982,0	V40=0	V70=0
LWPOLYLINE	PDF _Сваи буровые	P10=2229368.469,460316.549,0	P10=2229368.518,460316.809,0	V40=0	V70=0
LWPOLYLINE	PDF _Сваи буровые	P10=2229368.437,460316.376,0	P10=2229368.45,460316.445,0	V40=0	V70=0
LWPOLYLINE	PDF _Сваи буровые	P10=2229368.368,460316.012,0	P10=2229368.417,460316.272,0	V40=0	V70=0
LWPOLYLINE	PDF _Сваи буровые	P10=2229368.335,460315.838,0	P10=2229368.348,460315.908,0	V40=0	V70=0
LWPOLYLINE	PDF _Сваи буровые	P10=2229368.267,460315.474,0	P10=2229368.316,460315.734,0	V40=0	V70=0
LWPOLYLINE	PDF _Сваи буровые	P10=2229368.234,460315.301,0	P10=2229368.247,460315.37,0	V40=0	V70=0
LWPOLYLINE	PDF _Сваи буровые	P10=2229368.165,460314.937,0	P10=2229368.214,460315.197,0	V40=0	V70=0
LWPOLYLINE	PDF _Сваи буровые	P10=2229368.133,460314.764,0	P10=2229368.146,460314.833,0	V40=0	V70=0
LWPOLYLINE	PDF _Сваи буровые	P10=2229368.064,460314.4,0	P10=2229368.113,460314.66,0	V40=0	V70=0
LWPOLYLINE	PDF _Сваи буровые	P10=2229368.031,460314.226,0	P10=2229368.045,460314.296,0	V40=0	V70=0
LWPOLYLINE	PDF _Сваи буровые	P10=2229367.963,460313.862,0	P10=2229368.012,460314.122,0	V40=0	V70=0
LWPOLYLINE	PDF _Сваи буровые	P10=2229367.93,460313.689,0	P10=2229367.943,460313.758,0	V40=0	V70=0
LWPOLYLINE	PDF _Сваи буровые	P10=2229367.862,460313.325,0	P10=2229367.911,460313.585,0	V40=0	V70=0
LWPOLYLINE	PDF _Сваи буровые	P10=2229367.829,460313.152,0	P10=2229367.842,460313.221,0	V40=0	V70=0
LWPOLYLINE	PDF _Сваи буровые	P10=2229367.76,460312.788,0	P10=2229367.809,460313.048,0	V40=0	V70=0
LWPOLYLINE	PDF _Сваи буровые	P10=2229367.728,460312.614,0	P10=2229367.741,460312.684,0	V40=0	V70=0
LWPOLYLINE	PDF _Сваи буровые	P10=2229367.659,460312.25,0	P10=2229367.708,460312.51,0	V40=0	V70=0
LWPOLYLINE	PDF _Сваи буровые	P10=2229367.626,460312.077,0	P10=2229367.639,460312.146,0	V40=0	V70=0
LWPOLYLINE	PDF _Сваи буровые	P10=2229367.558,460311.713,0	P10=2229367.607,460311.973,0	V40=0	V70=0
LWPOLYLINE	PDF _Сваи буровые	P10=2229367.525,460311.54,0	P10=2229367.538,460311.609,0	V40=0	V70=0
LWPOLYLINE	PDF _Сваи буровые	P10=2229367.456,460311.176,0	P10=2229367.505,460311.436,0	V40=0	V70=0
LWPOLYLINE	PDF _Сваи буровые	P10=2229367.424,460311.002,0	P10=2229367.437,460311.072,0	V40=0	V70=0
LWPOLYLINE	PDF _Сваи буровые	P10=2229367.355,460310.638,0	P10=2229367.404,460310.898,0	V40=0	V70=0
LWPOLYLINE	PDF _Сваи буровые	P10=2229367.322,460310.465,0	P10=2229367.336,460310.534,0	V40=0	V70=0
LWPOLYLINE	PDF _Сваи буровые	P10=2229367.254,460310.101,0	P10=2229367.303,460310.361,0	V40=0	V70=0
LWPOLYLINE	PDF _Сваи буровые	P10=2229367.221,460309.928,0	P10=2229367.234,460309.997,0	V40=0	V70=0
LWPOLYLINE	PDF _Сваи буровые	P10=2229367.153,460309.564,0	P10=2229367.202,460309.824,0	V40=0	V70=0
LWPOLYLINE	PDF _Сваи буровые	P10=2229367.12,460309.39,0	P10=2229367.133,460309.46,0	V40=0	V70=0
LWPOLYLINE	PDF _Сваи буровые	P10=2229367.051,460309.026,0	P10=2229367.1,460309.286,0	V40=0	V70=0
LWPOLYLINE	PDF _Сваи буровые	P10=2229367.019,460308.853,0	P10=2229367.032,460308.922,0	V40=0	V70=0
LWPOLYLINE	PDF _Сваи буровые	P10=2229366.95,460308.489,0	P10=2229366.999,460308.749,0	V40=0	V70=0
LWPOLYLINE	PDF _Сваи буровые	P10=2229366.917,460308.316,0	P10=2229366.93,460308.385,0	V40=0	V70=0
LWPOLYLINE	PDF _Сваи буровые	P10=2229366.849,460307.952,0	P10=2229366.898,460308.212,0	V40=0	V70=0
LWPOLYLINE	PDF _Сваи буровые	P10=2229366.816,460307.778,0	P10=2229366.829,460307.848,0	V40=0	V70=0
LWPOLYLINE	PDF _Сваи буровые	P10=2229366.748,460307.419,0	P10=2229366.796,460307.674,0	V40=0	V70=0
LWPOLYLINE	PDF _Сваи буровые	P10=2229364.962,460317.699,0	P10=2229364.997,460317.889,0	V40=0	V70=0
LWPOLYLINE	PDF _Сваи буровые	P10=2229364.929,460317.525,0	P10=2229364.942,460317.595,0	V40=0	V70=0
LWPOLYLINE	PDF _Сваи буровые	P10=2229364.86,460317.161,0	P10=2229364.909,460317.421,0	V40=0	V70=0
LWPOLYLINE	PDF _Сваи буровые	P10=2229364.828,460316.988,0	P10=2229364.841,460317.057,0	V40=0	V70=0
LWPOLYLINE	PDF _Сваи буровые	P10=2229364.759,460316.624,0	P10=2229364.808,460316.884,0	V40=0	V70=0
LWPOLYLINE	PDF _Сваи буровые	P10=2229364.726,460316.451,0	P10=2229364.739,460316.52,0	V40=0	V70=0
LWPOLYLINE	PDF _Сваи буровые	P10=2229364.658,460316.087,0	P10=2229364.707,460316.347,0	V40=0	V70=0
LWPOLYLINE	PDF _Сваи буровые	P10=2229364.625,460315.913,0	P10=2229364.638,460315.983,0	V40=0	V70=0
LWPOLYLINE	PDF _Сваи буровые	P10=2229364.556,460315.549,0	P10=2229364.605,460315.809,0	V40=0	V70=0
LWPOLYLINE	PDF _Сваи буровые	P10=2229364.524,460315.376,0	P10=2229364.537,460315.445,0	V40=0	V70=0
LWPOLYLINE	PDF _Сваи буровые	P10=2229364.455,460315.012,0	P10=2229364.504,460315.272,0	V40=0	V70=0
LWPOLYLINE	PDF _Сваи буровые	P10=2229364.422,460314.839,0	P10=2229364.435,460314.908,0	V40=0	V70=0
LWPOLYLINE	PDF _Сваи буровые	P10=2229364.354,460314.475,0	P10=2229364.403,460314.735,0	V40=0	V70=0
LWPOLYLINE	PDF _Сваи буровые	P10=2229364.321,460314.301,0	P10=2229364.334,460314.371,0	V40=0	V70=0
LWPOLYLINE	PDF _Сваи буровые	P10=2229364.253,460313.937,0	P10=2229364.302,460314.197,0	V40=0	V70=0
LWPOLYLINE	PDF _Сваи буровые	P10=2229364.22,460313.764,0	P10=2229364.233,460313.833,0	V40=0	V70=0
LWPOLYLINE	PDF _Сваи буровые	P10=2229364.151,460313.4,0	P10=2229364.2,460313.66,0	V40=0	V70=0
LWPOLYLINE	PDF _Сваи буровые	P10=2229364.119,460313.227,0	P10=2229364.132,460313.296,0	V40=0	V70=0
LWPOLYLINE	PDF _Сваи буровые	P10=2229364.05,460312.863,0	P10=2229364.099,460313.123,0	V40=0	V70=0
LWPOLYLINE	PDF _Сваи буровые	P10=2229364.017,460312.689,0	P10=2229364.03,460312.759,0	V40=0	V70=0
LWPOLYLINE	PDF _Сваи буровые	P10=2229363.949,460312.325,0	P10=2229363.998,460312.585,0	V40=0	V70=0
LWPOLYLINE	PDF _Сваи буровые	P10=2229363.916,460312.152,0	P10=2229363.929,460312.221,0	V40=0	V70=0
LWPOLYLINE	PDF _Сваи буровые	P10=2229363.847,460311.788,0	P10=2229363.896,460312.048,0	V40=0	V70=0
LWPOLYLINE	PDF _Сваи буровые	P10=2229363.815,460311.615,0	P10=2229363.828,460311.684,0	V40=0	V70=0
LWPOLYLINE	PDF _Сваи буровые	P10=2229363.746,460311.251,0	P10=2229363.795,460311.511,0	V40=0	V70=0
LWPOLYLINE	PDF _Сваи буровые	P10=2229363.713,460311.077,0	P10=2229363.727,460311.147,0	V40=0	V70=0
LWPOLYLINE	PDF _Сваи буровые	P10=2229363.645,460310.713,0	P10=2229363.694,460310.973,0	V40=0	V70=0
LWPOLYLINE	PDF _Сваи буровые	P10=2229363.612,460310.54,0	P10=2229363.625,460310.609,0	V40=0	V70=0
LWPOLYLINE	PDF _Сваи буровые	P10=2229363.544,460310.176,0	P10=2229363.593,460310.436,0	V40=0	V70=0
LWPOLYLINE	PDF _Сваи буровые	P10=2229363.511,460310.003,0	P10=2229363.524,460310.072,0	V40=0	V70=0
LWPOLYLINE	PDF _Сваи буровые	P10=2229363.442,460309.639,0	P10=2229363.491,460309.899,0	V40=0	V70=0
LWPOLYLINE	PDF _Сваи буровые	P10=2229363.41,460309.465,0	P10=2229363.423,460309.535,0	V40=0	V70=0
LWPOLYLINE	PDF _Сваи буровые	P10=2229363.341,460309.101,0	P10=2229363.39,460309.361,0	V40=0	V70=0
LWPOLYLINE	PDF _Сваи буровые	P10=2229363.308,460308.928,0	P10=2229363.321,460308.997,0	V40=0	V70=0
LWPOLYLINE	PDF _Сваи буровые	P10=2229363.24,460308.564,0	P10=2229363.289,460308.824,0	V40=0	V70=0
LWPOLYLINE	PDF _Сваи буровые	P10=2229363.207,460308.391,0	P10=2229363.22,460308.46,0	V40=0	V70=0
LWPOLYLINE	PDF _Сваи буровые	P10=2229363.152,460308.097,0	P10=2229363.187,460308.287,0	V40=0	V70=0
LWPOLYLINE	PDF _Сваи буровые	P10=2229364.182,460323.283,0	P10=2229364.195,460323.35,0	V40=0	V70=0
LWPOLYLINE	PDF _Сваи буровые	P10=2229364.15,460323.109,0	P10=2229364.163,460323.179,0	V40=0	V70=0
LWPOLYLINE	PDF _Сваи буровые	P10=2229364.081,460322.745,0	P10=2229364.13,460323.005,0	V40=0	V70=0
LWPOLYLINE	PDF _Сваи буровые	P10=2229364.048,460322.572,0	P10=2229364.061,460322.641,0	V40=0	V70=0
LWPOLYLINE	PDF _Сваи буровые	P10=2229363.98,460322.208,0	P10=2229364.029,460322.468,0	V40=0	V70=0
LWPOLYLINE	PDF _Сваи буровые	P10=2229363.947,460322.035,0	P10=2229363.96,460322.104,0	V40=0	V70=0
LWPOLYLINE	PDF _Сваи буровые	P10=2229363.878,460321.671,0	P10=2229363.927,460321.931,0	V40=0	V70=0
LWPOLYLINE	PDF _Сваи буровые	P10=2229363.846,460321.497,0	P10=2229363.859,460321.567,0	V40=0	V70=0
LWPOLYLINE	PDF _Сваи буровые	P10=2229363.777,460321.133,0	P10=2229363.826,460321.393,0	V40=0	V70=0
LWPOLYLINE	PDF _Сваи буровые	P10=2229363.745,460320.96,0	P10=2229363.758,460321.029,0	V40=0	V70=0
LWPOLYLINE	PDF _Сваи буровые	P10=2229363.676,460320.596,0	P10=2229363.725,460320.856,0	V40=0	V70=0
LWPOLYLINE	PDF _Сваи буровые	P10=2229363.643,460320.423,0	P10=2229363.656,460320.492,0	V40=0	V70=0
LWPOLYLINE	PDF _Сваи буровые	P10=2229363.575,460320.059,0	P10=2229363.624,460320.319,0	V40=0	V70=0
LWPOLYLINE	PDF _Сваи буровые	P10=2229363.542,460319.885,0	P10=2229363.555,460319.955,0	V40=0	V70=0
LWPOLYLINE	PDF _Сваи буровые	P10=2229363.473,460319.521,0	P10=2229363.522,460319.781,0	V40=0	V70=0
LWPOLYLINE	PDF _Сваи буровые	P10=2229363.441,460319.348,0	P10=2229363.454,460319.417,0	V40=0	V70=0
LWPOLYLINE	PDF _Сваи буровые	P10=2229363.372,460318.984,0	P10=2229363.421,460319.244,0	V40=0	V70=0
LWPOLYLINE	PDF _Сваи буровые	P10=2229363.339,460318.811,0	P10=2229363.352,460318.88,0	V40=0	V70=0
LWPOLYLINE	PDF _Сваи буровые	P10=2229363.271,460318.447,0	P10=2229363.32,460318.707,0	V40=0	V70=0
LWPOLYLINE	PDF _Сваи буровые	P10=2229363.238,460318.273,0	P10=2229363.251,460318.343,0	V40=0	V70=0
LWPOLYLINE	PDF _Сваи буровые	P10=2229363.17,460317.909,0	P10=2229363.219,460318.169,0	V40=0	V70=0
LWPOLYLINE	PDF _Сваи буровые	P10=2229363.137,460317.736,0	P10=2229363.15,460317.805,0	V40=0	V70=0
LWPOLYLINE	PDF _Сваи буровые	P10=2229363.068,460317.372,0	P10=2229363.117,460317.632,0	V40=0	V70=0
LWPOLYLINE	PDF _Сваи буровые	P10=2229363.036,460317.199,0	P10=2229363.049,460317.268,0	V40=0	V70=0
LWPOLYLINE	PDF _Сваи буровые	P10=2229362.967,460316.835,0	P10=2229363.016,460317.095,0	V40=0	V70=0
LWPOLYLINE	PDF _Сваи буровые	P10=2229362.934,460316.661,0	P10=2229362.947,460316.731,0	V40=0	V70=0
LWPOLYLINE	PDF _Сваи буровые	P10=2229362.866,460316.297,0	P10=2229362.915,460316.557,0	V40=0	V70=0
LWPOLYLINE	PDF _Сваи буровые	P10=2229362.833,460316.124,0	P10=2229362.846,460316.193,0	V40=0	V70=0
LWPOLYLINE	PDF _Сваи буровые	P10=2229362.764,460315.76,0	P10=2229362.813,460316.02,0	V40=0	V70=0
LWPOLYLINE	PDF _Сваи буровые	P10=2229362.732,460315.587,0	P10=2229362.745,460315.656,0	V40=0	V70=0
LWPOLYLINE	PDF _Сваи буровые	P10=2229362.663,460315.223,0	P10=2229362.712,460315.483,0	V40=0	V70=0
LWPOLYLINE	PDF _Сваи буровые	P10=2229362.63,460315.049,0	P10=2229362.643,460315.119,0	V40=0	V70=0
LWPOLYLINE	PDF _Сваи буровые	P10=2229362.562,460314.685,0	P10=2229362.611,460314.945,0	V40=0	V70=0
LWPOLYLINE	PDF _Сваи буровые	P10=2229362.529,460314.512,0	P10=2229362.542,460314.581,0	V40=0	V70=0
LWPOLYLINE	PDF _Сваи буровые	P10=2229362.461,460314.148,0	P10=2229362.51,460314.408,0	V40=0	V70=0
LWPOLYLINE	PDF _Сваи буровые	P10=2229362.428,460313.975,0	P10=2229362.441,460314.044,0	V40=0	V70=0
LWPOLYLINE	PDF _Сваи буровые	P10=2229362.359,460313.611,0	P10=2229362.408,460313.871,0	V40=0	V70=0
LWPOLYLINE	PDF _Сваи буровые	P10=2229362.327,460313.437,0	P10=2229362.34,460313.507,0	V40=0	V70=0
LWPOLYLINE	PDF _Сваи буровые	P10=2229362.258,460313.073,0	P10=2229362.307,460313.333,0	V40=0	V70=0
LWPOLYLINE	PDF _Сваи буровые	P10=2229362.225,460312.9,0	P10=2229362.238,460312.969,0	V40=0	V70=0
LWPOLYLINE	PDF _Сваи буровые	P10=2229362.157,460312.536,0	P10=2229362.206,460312.796,0	V40=0	V70=0
LWPOLYLINE	PDF _Сваи буровые	P10=2229362.124,460312.363,0	P10=2229362.137,460312.432,0	V40=0	V70=0
LWPOLYLINE	PDF _Сваи буровые	P10=2229362.055,460311.999,0	P10=2229362.104,460312.259,0	V40=0	V70=0
LWPOLYLINE	PDF _Сваи буровые	P10=2229362.023,460311.825,0	P10=2229362.036,460311.895,0	V40=0	V70=0
LWPOLYLINE	PDF _Сваи буровые	P10=2229361.954,460311.461,0	P10=2229362.003,460311.721,0	V40=0	V70=0
LWPOLYLINE	PDF _Сваи буровые	P10=2229361.921,460311.288,0	P10=2229361.935,460311.357,0	V40=0	V70=0
LWPOLYLINE	PDF _Сваи буровые	P10=2229361.853,460310.924,0	P10=2229361.902,460311.184,0	V40=0	V70=0
LWPOLYLINE	PDF _Сваи буровые	P10=2229361.82,460310.751,0	P10=2229361.833,460310.82,0	V40=0	V70=0
LWPOLYLINE	PDF _Сваи буровые	P10=2229361.752,460310.387,0	P10=2229361.801,460310.646,0	V40=0	V70=0
LWPOLYLINE	PDF _Сваи буровые	P10=2229361.719,460310.213,0	P10=2229361.732,460310.283,0	V40=0	V70=0
LWPOLYLINE	PDF _Сваи буровые	P10=2229361.65,460309.849,0	P10=2229361.699,460310.109,0	V40=0	V70=0
LWPOLYLINE	PDF _Сваи буровые	P10=2229361.618,460309.676,0	P10=2229361.631,460309.745,0	V40=0	V70=0
LWPOLYLINE	PDF _Сваи буровые	P10=2229361.549,460309.312,0	P10=2229361.598,460309.572,0	V40=0	V70=0
LWPOLYLINE	PDF _Сваи буровые	P10=2229361.516,460309.138,0	P10=2229361.529,460309.208,0	V40=0	V70=0
LWPOLYLINE	PDF _Сваи буровые	P10=2229361.448,460308.775,0	P10=2229361.497,460309.034,0	V40=0	V70=0
LWPOLYLINE	PDF _Сваи буровые	P10=2229361.415,460308.601,0	P10=2229361.428,460308.67,0	V40=0	V70=0
LWPOLYLINE	PDF _Сваи буровые	P10=2229361.383,460308.43,0	P10=2229361.395,460308.497,0	V40=0	V70=0
LWPOLYLINE	PDF _Сваи буровые	P10=2229364.59,460317.347,0	P10=2229364.62,460317.504,0	P10=2229365.307,460317.374,0	P10=2229365.278,460317.217,0	V40=0	V70=1
LWPOLYLINE	PDF _Сваи буровые	P10=2229371.45,460316.466,0	P10=2229371.497,460316.711,0	P10=2229371.251,460316.758,0	P10=2229371.205,460316.512,0	V40=0	V70=1
LWPOLYLINE	PDF _Сваи буровые	P10=2229371.728,460317.94,0	P10=2229371.775,460318.185,0	P10=2229371.529,460318.232,0	P10=2229371.483,460317.986,0	V40=0	V70=1
LWPOLYLINE	PDF _Сваи буровые	P10=2229371.173,460314.992,0	P10=2229371.219,460315.237,0	P10=2229370.973,460315.284,0	P10=2229370.927,460315.038,0	V40=0	V70=1
LWPOLYLINE	PDF _Сваи буровые	P10=2229358.632,460314.862,0	P10=2229358.678,460315.108,0	P10=2229358.432,460315.154,0	P10=2229358.386,460314.909,0	V40=0	V70=1
LWPOLYLINE	PDF _Сваи буровые	P10=2229358.956,460316.582,0	P10=2229359.002,460316.828,0	P10=2229358.756,460316.874,0	P10=2229358.71,460316.628,0	V40=0	V70=1
LWPOLYLINE	PDF _Сваи буровые	P10=2229359.28,460318.302,0	P10=2229359.326,460318.547,0	P10=2229359.081,460318.594,0	P10=2229359.034,460318.348,0	V40=0	V70=1
LWPOLYLINE	PDF _Сваи буровые	P10=2229358.27,460312.946,0	P10=2229358.317,460313.192,0	P10=2229358.071,460313.238,0	P10=2229358.025,460312.992,0	V40=0	V70=1
LWPOLYLINE	PDF _Сваи буровые	P10=2229358.314,460310.75,0	P10=2229358.361,460310.996,0	P10=2229358.115,460311.042,0	P10=2229358.069,460310.796,0	V40=0	V70=1
LWPOLYLINE	PDF _Сваи буровые	P10=2229357.916,460308.637,0	P10=2229357.963,460308.883,0	P10=2229357.717,460308.929,0	P10=2229357.671,460308.684,0	V40=0	V70=1
LWPOLYLINE	PDF _Сваи буровые	P10=2229356.895,460313.205,0	P10=2229356.941,460313.451,0	P10=2229356.695,460313.497,0	P10=2229356.649,460313.252,0	V40=0	V70=1
LWPOLYLINE	PDF _Сваи буровые	P10=2229356.496,460311.093,0	P10=2229356.543,460311.338,0	P10=2229356.297,460311.385,0	P10=2229356.251,460311.139,0	V40=0	V70=1
LWPOLYLINE	PDF _Сваи буровые	P10=2229356.098,460308.98,0	P10=2229356.145,460309.226,0	P10=2229355.899,460309.272,0	P10=2229355.853,460309.026,0	V40=0	V70=1
LWPOLYLINE	PDF _Сваи буровые	P10=2229357.518,460306.524,0	P10=2229357.564,460306.77,0	P10=2229357.319,460306.816,0	P10=2229357.272,460306.571,0	V40=0	V70=1
LWPOLYLINE	PDF _Сваи буровые	P10=2229365.134,460305.089,0	P10=2229365.18,460305.335,0	P10=2229364.934,460305.381,0	P10=2229364.888,460305.135,0	V40=0	V70=1
LWPOLYLINE	PDF _Сваи буровые	P10=2229363.198,460305.454,0	P10=2229363.244,460305.7,0	P10=2229362.999,460305.746,0	P10=2229362.952,460305.5,0	V40=0	V70=1
LWPOLYLINE	PDF _Сваи буровые	P10=2229361.233,460305.824,0	P10=2229361.279,460306.07,0	P10=2229361.033,460306.116,0	P10=2229360.987,460305.871,0	V40=0	V70=1
LWPOLYLINE	PDF _Сваи буровые	P10=2229364.842,460316.389,0	P10=2229364.888,460316.634,0	P10=2229364.642,460316.68,0	P10=2229364.596,460316.435,0	V40=0	V70=1
LWPOLYLINE	PDF _Сваи буровые	P10=2229368.272,460314.826,0	P10=2229368.318,460315.072,0	P10=2229368.072,460315.118,0	P10=2229368.026,460314.872,0	V40=0	V70=1
LWPOLYLINE	PDF _Сваи буровые	P10=2229367.421,460319.006,0	P10=2229367.468,460319.252,0	P10=2229367.222,460319.298,0	P10=2229367.176,460319.052,0	V40=0	V70=1
LWPOLYLINE	PDF _Сваи буровые	P10=2229367.782,460320.922,0	P10=2229367.829,460321.168,0	P10=2229367.583,460321.214,0	P10=2229367.537,460320.969,0	V40=0	V70=1
LWPOLYLINE	PDF _Сваи буровые	P10=2229369.003,460318.708,0	P10=2229369.05,460318.953,0	P10=2229368.804,460319,0	P10=2229368.758,460318.754,0	V40=0	V70=1
LWPOLYLINE	PDF _Сваи буровые	P10=2229368.651,460316.841,0	P10=2229368.698,460317.086,0	P10=2229368.452,460317.133,0	P10=2229368.406,460316.887,0	V40=0	V70=1
LWPOLYLINE	PDF _Сваи буровые	P10=2229369.365,460320.624,0	P10=2229369.411,460320.87,0	P10=2229369.165,460320.916,0	P10=2229369.119,460320.67,0	V40=0	V70=1
LWPOLYLINE	PDF _Сваи буровые	P10=2229370.104,460318.5,0	P10=2229370.15,460318.746,0	P10=2229369.905,460318.792,0	P10=2229369.858,460318.547,0	V40=0	V70=1
LWPOLYLINE	PDF _Сваи буровые	P10=2229369.752,460316.633,0	P10=2229369.798,460316.879,0	P10=2229369.553,460316.925,0	P10=2229369.506,460316.68,0	V40=0	V70=1
LWPOLYLINE	PDF _Сваи буровые	P10=2229371.104,460320.296,0	P10=2229371.15,460320.542,0	P10=2229370.905,460320.588,0	P10=2229370.858,460320.343,0	V40=0	V70=1
LWPOLYLINE	PDF _Сваи буровые	P10=2229370.465,460320.417,0	P10=2229370.511,460320.662,0	P10=2229370.266,460320.709,0	P10=2229370.219,460320.463,0	V40=0	V70=1
LWPOLYLINE	PDF _Сваи буровые	P10=2229370.743,460318.38,0	P10=2229370.789,460318.626,0	P10=2229370.543,460318.672,0	P10=2229370.497,460318.426,0	V40=0	V70=1
LWPOLYLINE	PDF _Сваи буровые	P10=2229367.069,460317.139,0	P10=2229367.116,460317.385,0	P10=2229366.87,460317.431,0	P10=2229366.824,460317.185,0	V40=0	V70=1
LWPOLYLINE	PDF _Сваи буровые	P10=2229369.456,460315.061,0	P10=2229369.502,460315.307,0	P10=2229369.256,460315.353,0	P10=2229369.21,460315.107,0	V40=0	V70=1
LWPOLYLINE	PDF _Сваи буровые	P10=2229370.094,460314.941,0	P10=2229370.141,460315.186,0	P10=2229369.895,460315.233,0	P10=2229369.849,460314.987,0	V40=0	V70=1
LWPOLYLINE	PDF _Сваи буровые	P10=2229369.687,460312.779,0	P10=2229369.733,460313.024,0	P10=2229369.488,460313.071,0	P10=2229369.441,460312.825,0	V40=0	V70=1
LWPOLYLINE	PDF _Сваи буровые	P10=2229367.948,460313.106,0	P10=2229367.994,460313.352,0	P10=2229367.748,460313.398,0	P10=2229367.702,460313.153,0	V40=0	V70=1
LWPOLYLINE	PDF _Сваи буровые	P10=2229360.479,460316.295,0	P10=2229360.525,460316.541,0	P10=2229360.28,460316.587,0	P10=2229360.233,460316.341,0	V40=0	V70=1
LWPOLYLINE	PDF _Сваи буровые	P10=2229366.69,460315.124,0	P10=2229366.736,460315.37,0	P10=2229366.49,460315.416,0	P10=2229366.444,460315.171,0	V40=0	V70=1
LWPOLYLINE	PDF _Сваи буровые	P10=2229364.675,460315.504,0	P10=2229364.721,460315.75,0	P10=2229364.476,460315.796,0	P10=2229364.429,460315.55,0	V40=0	V70=1
LWPOLYLINE	PDF _Сваи буровые	P10=2229362.906,460315.838,0	P10=2229362.953,460316.083,0	P10=2229362.707,460316.129,0	P10=2229362.661,460315.884,0	V40=0	V70=1
LWPOLYLINE	PDF _Сваи буровые	P10=2229360.155,460314.575,0	P10=2229360.201,460314.821,0	P10=2229359.955,460314.867,0	P10=2229359.909,460314.622,0	V40=0	V70=1
LWPOLYLINE	PDF _Сваи буровые	P10=2229366.365,460313.405,0	P10=2229366.412,460313.65,0	P10=2229366.166,460313.697,0	P10=2229366.12,460313.451,0	V40=0	V70=1
LWPOLYLINE	PDF _Сваи буровые	P10=2229364.351,460313.784,0	P10=2229364.397,460314.03,0	P10=2229364.152,460314.076,0	P10=2229364.105,460313.831,0	V40=0	V70=1
LWPOLYLINE	PDF _Сваи буровые	P10=2229362.582,460314.118,0	P10=2229362.628,460314.363,0	P10=2229362.383,460314.41,0	P10=2229362.336,460314.164,0	V40=0	V70=1
LWPOLYLINE	PDF _Сваи буровые	P10=2229360.803,460318.015,0	P10=2229360.849,460318.26,0	P10=2229360.604,460318.307,0	P10=2229360.557,460318.061,0	V40=0	V70=1
LWPOLYLINE	PDF _Сваи буровые	P10=2229359.831,460312.856,0	P10=2229359.877,460313.101,0	P10=2229359.631,460313.148,0	P10=2229359.585,460312.902,0	V40=0	V70=1
LWPOLYLINE	PDF _Сваи буровые	P10=2229365.961,460320.706,0	P10=2229366.007,460320.952,0	P10=2229365.761,460320.998,0	P10=2229365.715,460320.752,0	V40=0	V70=1
LWPOLYLINE	PDF _Сваи буровые	P10=2229363.897,460321.095,0	P10=2229363.943,460321.341,0	P10=2229363.698,460321.387,0	P10=2229363.651,460321.141,0	V40=0	V70=1
LWPOLYLINE	PDF _Сваи буровые	P10=2229362.158,460321.423,0	P10=2229362.204,460321.668,0	P10=2229361.958,460321.715,0	P10=2229361.912,460321.469,0	V40=0	V70=1
LWPOLYLINE	PDF _Сваи буровые	P10=2229365.627,460318.937,0	P10=2229365.674,460319.183,0	P10=2229365.428,460319.229,0	P10=2229365.382,460318.983,0	V40=0	V70=1
LWPOLYLINE	PDF _Сваи буровые	P10=2229363.564,460319.326,0	P10=2229363.61,460319.572,0	P10=2229363.364,460319.618,0	P10=2229363.318,460319.372,0	V40=0	V70=1
LWPOLYLINE	PDF _Сваи буровые	P10=2229361.824,460319.654,0	P10=2229361.871,460319.9,0	P10=2229361.625,460319.946,0	P10=2229361.579,460319.7,0	V40=0	V70=1
LWPOLYLINE	PDF _Сваи буровые	P10=2229363.23,460317.557,0	P10=2229363.277,460317.803,0	P10=2229363.031,460317.849,0	P10=2229362.985,460317.604,0	V40=0	V70=1
LWPOLYLINE	PDF _Сваи буровые	P10=2229361.491,460317.885,0	P10=2229361.537,460318.131,0	P10=2229361.292,460318.177,0	P10=2229361.245,460317.931,0	V40=0	V70=1
LWPOLYLINE	PDF _Сваи буровые	P10=2229366.415,460323.114,0	P10=2229366.461,460323.359,0	P10=2229366.215,460323.406,0	P10=2229366.169,460323.16,0	V40=0	V70=1
LWPOLYLINE	PDF _Сваи буровые	P10=2229371.456,460322.163,0	P10=2229371.502,460322.409,0	P10=2229371.256,460322.455,0	P10=2229371.21,460322.21,0	V40=0	V70=1
LWPOLYLINE	PDF _Сваи буровые	P10=2229369.716,460322.491,0	P10=2229369.763,460322.737,0	P10=2229369.517,460322.783,0	P10=2229369.471,460322.537,0	V40=0	V70=1
LWPOLYLINE	PDF _Сваи буровые	P10=2229368.134,460322.789,0	P10=2229368.181,460323.035,0	P10=2229367.935,460323.081,0	P10=2229367.889,460322.836,0	V40=0	V70=1
LWPOLYLINE	PDF _Сваи буровые	P10=2229366.248,460322.229,0	P10=2229366.294,460322.475,0	P10=2229366.049,460322.521,0	P10=2229366.002,460322.275,0	V40=0	V70=1
LWPOLYLINE	PDF _Сваи буровые	P10=2229364.194,460322.667,0	P10=2229364.24,460322.913,0	P10=2229363.994,460322.959,0	P10=2229363.948,460322.714,0	V40=0	V70=1
LWPOLYLINE	PDF _Сваи буровые	P10=2229362.454,460322.995,0	P10=2229362.5,460323.241,0	P10=2229362.255,460323.287,0	P10=2229362.208,460323.041,0	V40=0	V70=1
LWPOLYLINE	PDF _Сваи буровые	P10=2229369.02,460309.241,0	P10=2229369.066,460309.487,0	P10=2229368.821,460309.533,0	P10=2229368.774,460309.287,0	V40=0	V70=1
LWPOLYLINE	PDF _Сваи буровые	P10=2229367.281,460309.569,0	P10=2229367.327,460309.814,0	P10=2229367.081,460309.861,0	P10=2229367.035,460309.615,0	V40=0	V70=1
LWPOLYLINE	PDF _Сваи буровые	P10=2229365.699,460309.867,0	P10=2229365.745,460310.113,0	P10=2229365.499,460310.159,0	P10=2229365.453,460309.913,0	V40=0	V70=1
LWPOLYLINE	PDF _Сваи буровые	P10=2229363.684,460310.247,0	P10=2229363.73,460310.492,0	P10=2229363.485,460310.539,0	P10=2229363.438,460310.293,0	V40=0	V70=1
LWPOLYLINE	PDF _Сваи буровые	P10=2229361.915,460310.58,0	P10=2229361.962,460310.826,0	P10=2229361.716,460310.872,0	P10=2229361.67,460310.626,0	V40=0	V70=1
LWPOLYLINE	PDF _Сваи буровые	P10=2229360.176,460310.908,0	P10=2229360.222,460311.154,0	P10=2229359.977,460311.2,0	P10=2229359.93,460310.954,0	V40=0	V70=1
LWPOLYLINE	PDF _Сваи буровые	P10=2229369.363,460311.059,0	P10=2229369.409,460311.305,0	P10=2229369.163,460311.351,0	P10=2229369.117,460311.105,0	V40=0	V70=1
LWPOLYLINE	PDF _Сваи буровые	P10=2229367.623,460311.387,0	P10=2229367.67,460311.632,0	P10=2229367.424,460311.679,0	P10=2229367.378,460311.433,0	V40=0	V70=1
LWPOLYLINE	PDF _Сваи буровые	P10=2229366.041,460311.685,0	P10=2229366.088,460311.931,0	P10=2229365.842,460311.977,0	P10=2229365.796,460311.731,0	V40=0	V70=1
LWPOLYLINE	PDF _Сваи буровые	P10=2229364.027,460312.065,0	P10=2229364.073,460312.31,0	P10=2229363.827,460312.357,0	P10=2229363.781,460312.111,0	V40=0	V70=1
LWPOLYLINE	PDF _Сваи буровые	P10=2229362.258,460312.398,0	P10=2229362.304,460312.644,0	P10=2229362.059,460312.69,0	P10=2229362.012,460312.444,0	V40=0	V70=1
LWPOLYLINE	PDF _Сваи буровые	P10=2229360.519,460312.726,0	P10=2229360.565,460312.972,0	P10=2229360.319,460313.018,0	P10=2229360.273,460312.772,0	V40=0	V70=1
LWPOLYLINE	PDF _Сваи буровые	P10=2229368.64,460307.226,0	P10=2229368.687,460307.472,0	P10=2229368.441,460307.518,0	P10=2229368.395,460307.273,0	V40=0	V70=1
LWPOLYLINE	PDF _Сваи буровые	P10=2229366.901,460307.554,0	P10=2229366.947,460307.8,0	P10=2229366.702,460307.846,0	P10=2229366.655,460307.601,0	V40=0	V70=1
LWPOLYLINE	PDF _Сваи буровые	P10=2229365.319,460307.852,0	P10=2229365.365,460308.098,0	P10=2229365.12,460308.144,0	P10=2229365.073,460307.899,0	V40=0	V70=1
LWPOLYLINE	PDF _Сваи буровые	P10=2229363.304,460308.232,0	P10=2229363.351,460308.478,0	P10=2229363.105,460308.524,0	P10=2229363.059,460308.279,0	V40=0	V70=1
LWPOLYLINE	PDF _Сваи буровые	P10=2229361.536,460308.566,0	P10=2229361.582,460308.811,0	P10=2229361.336,460308.858,0	P10=2229361.29,460308.612,0	V40=0	V70=1
LWPOLYLINE	PDF _Сваи буровые	P10=2229359.796,460308.893,0	P10=2229359.842,460309.139,0	P10=2229359.597,460309.185,0	P10=2229359.55,460308.94,0	V40=0	V70=1
LWPOLYLINE	PDF _Сваи буровые	P10=2229359.287,460306.191,0	P10=2229359.333,460306.437,0	P10=2229359.087,460306.483,0	P10=2229359.041,460306.237,0	V40=0	V70=1
LWPOLYLINE	PDF _Сваи буровые	P10=2229355.7,460306.867,0	P10=2229355.746,460307.113,0	P10=2229355.501,460307.159,0	P10=2229355.454,460306.913,0	V40=0	V70=1
TEXT	траншея	P10=2229392.192,460303.069,84.549	P11=0,0,84.549	TXT=84.549	V40=0.2
TEXT	траншея	P10=2229391.043,460303.327,84.591	P11=0,0,84.591	TXT=84.591	V40=0.2
TEXT	траншея	P10=2229389.813,460301.407,84.516	P11=0,0,84.516	TXT=84.516	V40=0.2
TEXT	газ	P10=2229389.302,460302.861,84.401	P11=0,0,84.401	TXT=84.401	V40=0.2
TEXT	газ	P10=2229389.083,460302.212,84.351	P11=0,0,84.351	TXT=84.351	V40=0.2
TEXT	траншея	P10=2229388.768,460302.713,84.347	P11=0,0,84.347	TXT=84.347	V40=0.2
TEXT	траншея	P10=2229381.6,460304.728,84.262	P11=0,0,84.262	TXT=84.262	V40=0.2
TEXT	траншея	P10=2229378.939,460304.418,83.935	P11=0,0,83.935	TXT=83.935	V40=0.2
TEXT	траншея	P10=2229375.683,460304.485,83.575	P11=0,0,83.575	TXT=83.575	V40=0.2
TEXT	траншея	P10=2229368.735,460306.167,82.694	P11=0,0,82.694	TXT=82.694	V40=0.2
TEXT	траншея	P10=2229370.893,460305.82,82.943	P11=0,0,82.943	TXT=82.943	V40=0.2
TEXT	траншея	P10=2229361.214,460319.458,81.657	P11=0,0,81.657	TXT=81.657	V40=0.2
TEXT	траншея	P10=2229352.539,460321.584,81.101	P11=0,0,81.101	TXT=81.101	V40=0.2
TEXT	траншея	P10=2229338.281,460322.061,79.794	P11=0,0,79.794	TXT=79.794	V40=0.2
TEXT	септик	P10=2229345.778,460321.997,80.941	P11=0,0,80.941	TXT=80.941	V40=0.2
POINT	траншея	P10=2229392.019,460303.169,84.549
POINT	траншея	P10=2229390.87,460303.427,84.591
POINT	траншея	P10=2229389.64,460301.507,84.516
POINT	газ	P10=2229389.129,460302.961,84.401
POINT	газ	P10=2229388.91,460302.312,84.351
POINT	траншея	P10=2229388.595,460302.813,84.347
POINT	траншея	P10=2229381.427,460304.828,84.262
POINT	траншея	P10=2229378.766,460304.518,83.935
POINT	траншея	P10=2229375.51,460304.585,83.575
POINT	траншея	P10=2229368.562,460306.267,82.694
POINT	траншея	P10=2229370.72,460305.92,82.943
POINT	траншея	P10=2229361.041,460319.558,81.657
POINT	траншея	P10=2229352.366,460321.684,81.101
POINT	траншея	P10=2229338.339,460321.795,79.794
POINT	септик	P10=2229345.605,460322.097,80.941
MTEXT	0	P10=2229376.044,460311.243,0	P11=1,0,0	TXT=47:07:0518004:14	V40=0.5
MTEXT	канализация	P10=2229340.731,460322.704,0	P11=0.998,0.056,0	TXT=L=7.2м	V40=0.4
MTEXT	канализация	P10=2229348.679,460322.336,0	P11=0.995,-0.101,0	TXT=L=16.1м( глубина заложения 0,2м)	V40=0.4
LWPOLYLINE	канализация	P10=2229339.47,460323.191,0	P10=2229337.117,460323.191,0	P10=2229338.339,460321.795,0	V40=0	V70=0
MTEXT	канализация	P10=2229337.159,460323.807,0	P11=1,0,0	TXT=Сброс воды	V40=0.4
MTEXT	канализация	P10=2229344.646,460323.844,0	P11=1,0,0	TXT=\pxqc;Септик\P(верх крышки 80.94)	V40=0.4
TEXT	18_Зарамочное оформление	P10=2229321.714,460336.281,0	P11=0,0,0	TXT=С	V40=0.75
INSERT	18_Зарамочное оформление	P10=2229322.1,460335.633,0	NAME=M5_S-JU	V70=0
INSERT	61_Отметки высоты поверхности	P10=2229361.244,460318.247,0	NAME=g5_330	V70=0
INSERT	61_Отметки высоты поверхности	P10=2229359.056,460318.598,0	NAME=g5_330	V70=0
INSERT	61_Отметки высоты поверхности	P10=2229356.666,460313.477,0	NAME=g5_330	V70=0
INSERT	61_Отметки высоты поверхности	P10=2229355.425,460306.893,0	NAME=g5_330	V70=0
INSERT	61_Отметки высоты поверхности	P10=2229365.149,460305.061,0	NAME=g5_330	V70=0
INSERT	61_Отметки высоты поверхности	P10=2229371.172,460314.992,0	NAME=g5_330	V70=0
INSERT	61_Отметки высоты поверхности	P10=2229371.775,460318.185,0	NAME=g5_330	V70=0
INSERT	61_Отметки высоты поверхности	P10=2229371.572,460322.457,0	NAME=g5_330	V70=0
INSERT	61_Отметки высоты поверхности	P10=2229366.153,460323.478,0	NAME=g5_330	V70=0
INSERT	61_Отметки высоты поверхности	P10=2229362.207,460323.357,0	NAME=g5_330	V70=0
TEXT	61_Отметки высоты поверхности	P10=2229371.506,460314.861,82.778	P11=0,0,82.778	TXT=82.68	V40=0.4
TEXT	61_Отметки высоты поверхности	P10=2229372.36,460318.113,82.576	P11=0,0,82.576	TXT=82.59	V40=0.4
TEXT	61_Отметки высоты поверхности	P10=2229371.609,460322.493,82.415	P11=0,0,82.415	TXT=82.42	V40=0.4
TEXT	61_Отметки высоты поверхности	P10=2229366.182,460323.513,82.15	P11=0,0,82.15	TXT=82.15	V40=0.4
TEXT	61_Отметки высоты поверхности	P10=2229365.359,460305.052,82.396	P11=0,0,82.396	TXT=82.37	V40=0.4
TEXT	61_Отметки высоты поверхности	P10=2229355.691,460307.096,80.669	P11=0,0,80.669	TXT=80.67	V40=0.4
TEXT	61_Отметки высоты поверхности	P10=2229356.355,460313.728,81.039	P11=0,0,81.039	TXT=81.04	V40=0.4
TEXT	61_Отметки высоты поверхности	P10=2229359.214,460318.567,81.44	P11=0,0,81.44	TXT=81.44	V40=0.4
TEXT	61_Отметки высоты поверхности	P10=2229361.384,460318.208,81.747	P11=0,0,81.747	TXT=81.75	V40=0.4
TEXT	61_Отметки высоты поверхности	P10=2229362.346,460323.417,81.699	P11=0,0,81.699	TXT=81.70	V40=0.4
INSERT	растительность	P10=2229324.488,460310.108,0	NAME=g5_368	V70=0
INSERT	растительность	P10=2229328.653,460313.638,0	NAME=g5_368	V70=0
INSERT	растительность	P10=2229325.183,460313.79,0	NAME=g5_368	V70=0
INSERT	растительность	P10=2229331.323,460315.692,0	NAME=g5_368	V70=0
INSERT	растительность	P10=2229327.853,460315.844,0	NAME=g5_368	V70=0
INSERT	растительность	P10=2229325.529,460318.68,0	NAME=g5_368	V70=0
INSERT	растительность	P10=2229330.227,460322.285,0	NAME=g5_368	V70=0
INSERT	растительность	P10=2229325.996,460323.294,0	NAME=g5_368	V70=0
INSERT	растительность	P10=2229333.588,460326.923,0	NAME=g5_368	V70=0
INSERT	растительность	P10=2229332.291,460324.865,0	NAME=g5_368	V70=0
POLYLINE	растительность	P10=0,0,79.626	V40=0	V70=132
INSERT	0	P10=920566.103,45917.341,85.149	NAME=ыыыы	V70=0
INSERT	0	P10=920563.257,45919.019,85.149	NAME=ыыыы	V70=0
INSERT	растительность	P10=2229336.064,460318.381,79.496	NAME=кеен	V70=0
LINE	граница	P10=2229382.78,460298.6,0	P11=2229339.54,460306.69,0
LINE	граница	P10=2229388.71,460322.89,0	P11=2229382.78,460298.6,0
LWPOLYLINE	0	P10=2229391.69,460312.917,0	P10=2229391.62,460310.994,0	V40=0	V70=0
LWPOLYLINE	0	P10=2229392.572,460314.895,0	P10=2229391.785,460313.142,0	V40=0	V70=0
LWPOLYLINE	0	P10=2229392.572,460314.895,0	P10=2229393.947,460320.417,0	P10=2229393.416,460321.542,0	P10=2229393.994,460324.564,0	V40=0	V70=0
INSERT	61_Отметки высоты поверхности	P10=2229338.339,460321.795,0	NAME=g5_330	V70=0
LWPOLYLINE	0	P10=2229360.543,460318.318,0	P10=2229360.554,460318.377,0	P10=2229361.244,460318.247,0	P10=2229362.207,460323.357,0	P10=2229365.995,460322.643,0	P10=2229366.153,460323.478,0	P10=2229371.572,460322.457,0	P10=2229370.801,460318.369,0	P10=2229371.775,460318.185,0	P10=2229371.172,460314.992,0	P10=2229370.2,460315.175,0	P10=2229368.688,460307.156,0	P10=2229365.652,460307.728,0	P10=2229365.149,460305.061,0	P10=2229355.425,460306.893,0	P10=2229356.666,460313.477,0	P10=2229358.042,460313.218,0	P10=2229359.056,460318.598,0	P10=2229360.543,460318.318,0	V40=0	V70=0
LWPOLYLINE	канализация	P10=2229345.105,460322.076,0	P10=2229338.339,460321.795,0	V40=0	V70=0
LWPOLYLINE	канализация	P10=2229361.478,460319.487,0	P10=2229352.537,460321.333,0	P10=2229346.102,460322.042,0	V40=0	V70=0
CIRCLE	канализация	P10=2229345.605,460322.097,161.832	V40=0.5
TEXT	61_Отметки высоты поверхности	P10=2229337.583,460320.998,79.768	P11=0,0,79.768	TXT=79.79	V40=0.4
LINE	граница	P10=2229339.54,460306.69,0	P11=2229345.47,460331.04,0
